station_id;nom_division;name;capacity;is_valet_station;num_bikes_available;num_docks_available;is_installed;is_renting;is_returning;point_geo;last_reported_tr;is_virtual_station;vehicle_type_capacity;is_charging_station;message_velo;message_dock_dispo
ce4bghh2rcd13ifvqb60;Marseille 1er Arrondissement;National - Longchamp;20;0;1;19;1;1;1;43.301396, 5.387812;2025-11-26T23:19:01+00:00;0;"{""1"": 19, ""10"": 0, ""14"": 0, ""15"": 0, ""2"": 19, ""4"": 19, ""5"": 0, ""6"": 0, ""7"": 19}";1;Moins de trois vélos disponibles;Plus de trois docks disponibles
ce4bgi92rcd13ifvqb90;Marseille 1er Arrondissement;Canebière Saint-Ferreol;20;0;1;18;1;1;1;43.296278, 5.37712;2025-11-26T23:19:01+00:00;0;"{""1"": 19, ""10"": 0, ""14"": 0, ""15"": 0, ""2"": 19, ""4"": 19, ""5"": 0, ""6"": 0, ""7"": 19}";1;Moins de trois vélos disponibles;Plus de trois docks disponibles
ce4bgih2rcd13ifvqba0;Marseille 1er Arrondissement;Sibie - Curiol;20;0;1;20;1;1;1;43.29529, 5.385581;2025-11-26T23:19:01+00:00;0;"{""1"": 20, ""10"": 0, ""14"": 0, ""15"": 0, ""2"": 20, ""4"": 20, ""5"": 0, ""6"": 0, ""7"": 20}";0;Moins de trois vélos disponibles;Plus de trois docks disponibles
ce4bgj12rcd13ifvqbc0;Marseille 1er Arrondissement;Allées Gambetta;30;0;3;26;1;1;1;43.299028, 5.381509;2025-11-26T23:19:01+00:00;0;"{""1"": 29, ""10"": 0, ""14"": 0, ""15"": 0, ""2"": 29, ""4"": 29, ""5"": 0, ""6"": 0, ""7"": 29}";1;Moins de trois vélos disponibles;Plus de trois docks disponibles
ce4bgj92rcd13ifvqbd0;Marseille 1er Arrondissement;Réformés Canebière;30;0;0;28;1;1;1;43.299719, 5.384854;2025-11-26T23:19:01+00:00;0;"{""1"": 30, ""10"": 0, ""14"": 0, ""15"": 0, ""2"": 30, ""4"": 30, ""5"": 0, ""6"": 0, ""7"": 30}";1;Aucun vélo disponible;Plus de trois docks disponibles
ce4bgkh2rcd13ifvqbk0;Marseille 1er Arrondissement;Longchamp - Grobet;20;0;1;19;1;1;1;43.302997, 5.392138;2025-11-26T23:19:01+00:00;0;"{""1"": 19, ""10"": 0, ""14"": 0, ""15"": 0, ""2"": 19, ""4"": 19, ""5"": 0, ""6"": 0, ""7"": 19}";0;Moins de trois vélos disponibles;Plus de trois docks disponibles
ce4bgkh2rcd13ifvqbl0;Marseille 1er Arrondissement;Centre Bourse;20;0;0;19;1;1;1;43.297067, 5.376836;2025-11-26T23:19:01+00:00;0;"{""1"": 20, ""10"": 0, ""14"": 0, ""15"": 0, ""2"": 20, ""4"": 20, ""5"": 0, ""6"": 0, ""7"": 20}";1;Aucun vélo disponible;Plus de trois docks disponibles
ce4bgl92rcd13ifvqbq0;Marseille 2e Arrondissement;Arenc - Chanterac;50;0;2;48;1;1;1;43.312239, 5.368562;2025-11-26T23:19:01+00:00;0;"{""1"": 48, ""10"": 0, ""14"": 0, ""15"": 0, ""2"": 48, ""4"": 48, ""5"": 0, ""6"": 0, ""7"": 48}";1;Moins de trois vélos disponibles;Plus de trois docks disponibles
ce4bgqh2rcd13ifvqc4g;Marseille 2e Arrondissement;Paris - Forbin;20;0;4;16;1;1;1;43.30606, 5.372256;2025-11-26T23:19:01+00:00;0;"{""1"": 16, ""10"": 0, ""14"": 0, ""15"": 0, ""2"": 16, ""4"": 16, ""5"": 0, ""6"": 0, ""7"": 16}";0;Plus de trois vélo disponibles;Plus de trois docks disponibles
ce4bgqh2rcd13ifvqc5g;Marseille 2e Arrondissement;République - Joliette;20;0;12;7;1;1;1;43.303042, 5.368994;2025-11-26T23:19:01+00:00;0;"{""1"": 20, ""10"": 0, ""14"": 0, ""15"": 0, ""2"": 20, ""4"": 20, ""5"": 0, ""6"": 0, ""7"": 20}";1;Plus de trois vélo disponibles;Plus de trois docks disponibles
ce4bgr92rcd13ifvqc6g;Marseille 2e Arrondissement;Tour La Marseillaise;20;0;1;19;1;1;1;43.313389, 5.367081;2025-11-26T23:19:01+00:00;0;"{""1"": 19, ""10"": 0, ""14"": 0, ""15"": 0, ""2"": 19, ""4"": 19, ""5"": 0, ""6"": 0, ""7"": 19}";0;Moins de trois vélos disponibles;Plus de trois docks disponibles
ce4bgt92rcd13ifvqcf0;Marseille 3e Arrondissement;Place Placide Caffo;20;0;6;16;1;1;1;43.313571, 5.384829;2025-11-26T23:19:01+00:00;0;"{""1"": 16, ""10"": 0, ""14"": 0, ""15"": 0, ""2"": 16, ""4"": 16, ""5"": 0, ""6"": 0, ""7"": 16}";0;Plus de trois vélo disponibles;Plus de trois docks disponibles
ce4bgup2rcd13ifvqcn0;Marseille 3e Arrondissement;Saint Charles - Faculté;30;0;2;28;1;1;1;43.304606, 5.379026;2025-11-26T23:19:01+00:00;0;"{""1"": 27, ""10"": 0, ""14"": 0, ""15"": 0, ""2"": 27, ""4"": 27, ""5"": 0, ""6"": 0, ""7"": 27}";1;Moins de trois vélos disponibles;Plus de trois docks disponibles
ce4bgup2rcd13ifvqco0;Marseille 3e Arrondissement;Friche Belle de Mai;20;0;4;19;1;1;1;43.309589, 5.390258;2025-11-26T23:19:01+00:00;0;"{""1"": 19, ""10"": 0, ""14"": 0, ""15"": 0, ""2"": 19, ""4"": 19, ""5"": 0, ""6"": 0, ""7"": 19}";0;Plus de trois vélo disponibles;Plus de trois docks disponibles
ce4bgvh2rcd13ifvqcs0;Marseille 4e Arrondissement;Blancarde - Duparc;20;0;7;13;1;1;1;43.302759, 5.400793;2025-11-26T23:19:01+00:00;0;"{""1"": 13, ""10"": 0, ""14"": 0, ""15"": 0, ""2"": 13, ""4"": 13, ""5"": 0, ""6"": 0, ""7"": 13}";0;Plus de trois vélo disponibles;Plus de trois docks disponibles
ce4bgvp2rcd13ifvqct0;Marseille 4e Arrondissement;Eglise des Chartreux;20;0;8;12;1;1;1;43.309371, 5.401449;2025-11-26T23:19:01+00:00;0;"{""1"": 12, ""10"": 0, ""14"": 0, ""15"": 0, ""2"": 12, ""4"": 12, ""5"": 0, ""6"": 0, ""7"": 12}";1;Plus de trois vélo disponibles;Plus de trois docks disponibles
ce4bh012rcd13ifvqcv0;Marseille 4e Arrondissement;Chutes Lavie - Dahdah;20;0;10;11;1;1;1;43.309047, 5.396549;2025-11-26T23:19:01+00:00;0;"{""1"": 11, ""10"": 0, ""14"": 0, ""15"": 0, ""2"": 11, ""4"": 11, ""5"": 0, ""6"": 0, ""7"": 11}";0;Plus de trois vélo disponibles;Plus de trois docks disponibles
ce4bh012rcd13ifvqd00;Marseille 4e Arrondissement;Saint-Just - Le Dôme;20;0;1;19;1;1;1;43.31683, 5.404722;2025-11-26T23:19:01+00:00;0;"{""1"": 19, ""10"": 0, ""14"": 0, ""15"": 0, ""2"": 19, ""4"": 19, ""5"": 0, ""6"": 0, ""7"": 19}";1;Moins de trois vélos disponibles;Plus de trois docks disponibles
ce4bh0h2rcd13ifvqd40;Marseille 4e Arrondissement;Foch - Fayolle;20;0;3;18;1;1;1;43.301229, 5.398615;2025-11-26T23:19:01+00:00;0;"{""1"": 18, ""10"": 0, ""14"": 0, ""15"": 0, ""2"": 18, ""4"": 18, ""5"": 0, ""6"": 0, ""7"": 18}";0;Moins de trois vélos disponibles;Plus de trois docks disponibles
ce4bh112rcd13ifvqd90;Marseille 4e Arrondissement;Foch - Boisson;20;0;1;19;1;1;1;43.297961, 5.404053;2025-11-26T23:19:01+00:00;0;"{""1"": 19, ""10"": 0, ""14"": 0, ""15"": 0, ""2"": 19, ""4"": 19, ""5"": 0, ""6"": 0, ""7"": 19}";0;Moins de trois vélos disponibles;Plus de trois docks disponibles
ce4bh112rcd13ifvqda0;Marseille 4e Arrondissement;Duparc - Brossolette;20;0;7;14;1;1;1;43.306414, 5.401029;2025-11-26T23:19:01+00:00;0;"{""1"": 14, ""10"": 0, ""14"": 0, ""15"": 0, ""2"": 14, ""4"": 14, ""5"": 0, ""6"": 0, ""7"": 14}";0;Plus de trois vélo disponibles;Plus de trois docks disponibles
ce4bh192rcd13ifvqdd0;Marseille 5e Arrondissement;Saint-Pierre - Hugueny;20;0;13;9;1;1;1;43.292005, 5.392897;2025-11-26T23:19:01+00:00;0;"{""1"": 9, ""10"": 0, ""14"": 0, ""15"": 0, ""2"": 9, ""4"": 9, ""5"": 0, ""6"": 0, ""7"": 9}";0;Plus de trois vélo disponibles;Plus de trois docks disponibles
ce4bh292rcd13ifvqdf0;Marseille 5e Arrondissement;Chave - Goudard;20;0;2;19;1;1;1;43.295197, 5.39397;2025-11-26T23:19:01+00:00;0;"{""1"": 18, ""10"": 0, ""14"": 0, ""15"": 0, ""2"": 18, ""4"": 18, ""5"": 0, ""6"": 0, ""7"": 18}";0;Moins de trois vélos disponibles;Plus de trois docks disponibles
ce4bh312rcd13ifvqdk0;Marseille 5e Arrondissement;Sakakini - Saint-Pierre;20;0;8;18;1;1;1;43.292724, 5.401131;2025-11-26T23:19:01+00:00;0;"{""1"": 18, ""10"": 0, ""14"": 0, ""15"": 0, ""2"": 18, ""4"": 18, ""5"": 0, ""6"": 0, ""7"": 18}";1;Plus de trois vélo disponibles;Plus de trois docks disponibles
ce4bh392rcd13ifvqdm0;Marseille 5e Arrondissement;Jean Moulin - Hôpital La Timone;20;0;9;12;1;1;1;43.29041, 5.399634;2025-11-26T23:19:01+00:00;0;"{""1"": 13, ""10"": 0, ""14"": 0, ""15"": 0, ""2"": 13, ""4"": 13, ""5"": 0, ""6"": 0, ""7"": 13}";0;Plus de trois vélo disponibles;Plus de trois docks disponibles
ce4bh3p2rcd13ifvqdp0;Marseille 5e Arrondissement;Chave Eugene Pierre;20;0;3;19;1;1;1;43.295169, 5.390426;2025-11-26T23:19:01+00:00;0;"{""1"": 20, ""10"": 0, ""14"": 0, ""15"": 0, ""2"": 20, ""4"": 20, ""5"": 0, ""6"": 0, ""7"": 20}";0;Moins de trois vélos disponibles;Plus de trois docks disponibles
ce4bh412rcd13ifvqds0;Marseille 6e Arrondissement;Notre-Dame - Vauban;20;0;21;12;1;1;1;43.283998, 5.375062;2025-11-26T23:19:01+00:00;0;"{""1"": 12, ""10"": 0, ""14"": 0, ""15"": 0, ""2"": 12, ""4"": 12, ""5"": 0, ""6"": 0, ""7"": 12}";1;Plus de trois vélo disponibles;Plus de trois docks disponibles
ce4bh512rcd13ifvqe3g;Marseille 6e Arrondissement;Castellane;50;0;2;46;1;1;1;43.28479, 5.384124;2025-11-26T23:19:01+00:00;0;"{""1"": 48, ""10"": 0, ""14"": 0, ""15"": 0, ""2"": 48, ""4"": 48, ""5"": 0, ""6"": 0, ""7"": 48}";1;Moins de trois vélos disponibles;Plus de trois docks disponibles
ce4bh9p2rcd13ifvqec0;Marseille 6e Arrondissement;Paradis - Vignerons;20;0;6;14;1;1;1;43.287184, 5.379377;2025-11-26T23:19:01+00:00;0;"{""1"": 14, ""10"": 0, ""14"": 0, ""15"": 0, ""2"": 14, ""4"": 14, ""5"": 0, ""6"": 0, ""7"": 14}";0;Plus de trois vélo disponibles;Plus de trois docks disponibles
ce4bha12rcd13ifvqee0;Marseille 6e Arrondissement;Vallon Montebello;20;0;5;17;1;1;1;43.281044, 5.378308;2025-11-26T23:19:01+00:00;0;"{""1"": 17, ""10"": 0, ""14"": 0, ""15"": 0, ""2"": 17, ""4"": 17, ""5"": 0, ""6"": 0, ""7"": 17}";0;Plus de trois vélo disponibles;Plus de trois docks disponibles
ce4bha92rcd13ifvqeh0;Marseille 7e Arrondissement;Sainte - Notre-Dame;20;0;3;19;1;1;1;43.291672, 5.371569;2025-11-26T23:19:01+00:00;0;"{""1"": 20, ""10"": 0, ""14"": 0, ""15"": 0, ""2"": 20, ""4"": 20, ""5"": 0, ""6"": 0, ""7"": 20}";0;Moins de trois vélos disponibles;Plus de trois docks disponibles
ce4bhb12rcd13ifvqel0;Marseille 7e Arrondissement;Livon - Pasteur;20;0;5;16;1;1;1;43.292004, 5.357898;2025-11-26T23:19:01+00:00;0;"{""1"": 16, ""10"": 0, ""14"": 0, ""15"": 0, ""2"": 16, ""4"": 16, ""5"": 0, ""6"": 0, ""7"": 16}";0;Plus de trois vélo disponibles;Plus de trois docks disponibles
ce4bhb92rcd13ifvqen0;Marseille 7e Arrondissement;Plage des Catalans;30;0;3;28;1;1;1;43.290104, 5.356111;2025-11-26T23:19:01+00:00;0;"{""1"": 28, ""10"": 0, ""14"": 0, ""15"": 0, ""2"": 28, ""4"": 28, ""5"": 0, ""6"": 0, ""7"": 28}";1;Moins de trois vélos disponibles;Plus de trois docks disponibles
ce4bhbh2rcd13ifvqepg;Marseille 7e Arrondissement;Corniche - Malmousque;30;0;1;30;1;1;1;43.284214, 5.349706;2025-11-26T23:19:01+00:00;0;"{""1"": 30, ""10"": 0, ""14"": 0, ""15"": 0, ""2"": 30, ""4"": 30, ""5"": 0, ""6"": 0, ""7"": 30}";1;Moins de trois vélos disponibles;Plus de trois docks disponibles
ce4bhbh2rcd13ifvqeqg;Marseille 7e Arrondissement;Livon - Vieux-Port;20;0;2;20;1;1;1;43.292311, 5.360731;2025-11-26T23:19:01+00:00;0;"{""1"": 19, ""10"": 0, ""14"": 0, ""15"": 0, ""2"": 19, ""4"": 19, ""5"": 0, ""6"": 0, ""7"": 19}";1;Moins de trois vélos disponibles;Plus de trois docks disponibles
ce4bhbp2rcd13ifvqesg;Marseille 7e Arrondissement;La Criée;20;0;0;18;1;1;1;43.292748, 5.368402;2025-11-26T23:19:01+00:00;0;"{""1"": 20, ""10"": 0, ""14"": 0, ""15"": 0, ""2"": 20, ""4"": 20, ""5"": 0, ""6"": 0, ""7"": 20}";1;Aucun vélo disponible;Plus de trois docks disponibles
ce4bhdp2rcd13ifvqf20;Marseille 8e Arrondissement;Rabatau - Hôpital Saint-Joseph;20;0;0;20;1;1;1;43.274106, 5.394017;2025-11-26T23:19:01+00:00;0;"{""1"": 20, ""10"": 0, ""14"": 0, ""15"": 0, ""2"": 20, ""4"": 20, ""5"": 0, ""6"": 0, ""7"": 20}";0;Aucun vélo disponible;Plus de trois docks disponibles
ce4bhf92rcd13ifvqf50;Marseille 8e Arrondissement;Périer - Cremieux;20;0;2;17;1;1;1;43.279087, 5.380114;2025-11-26T23:19:01+00:00;0;"{""1"": 17, ""10"": 0, ""14"": 0, ""15"": 0, ""2"": 17, ""4"": 17, ""5"": 0, ""6"": 0, ""7"": 17}";0;Moins de trois vélos disponibles;Plus de trois docks disponibles
ce4bhg12rcd13ifvqf70;Marseille 8e Arrondissement;Base Nautique Roucas Blanc;40;0;2;40;1;1;1;43.265714, 5.372891;2025-11-26T23:19:01+00:00;0;"{""1"": 40, ""10"": 0, ""14"": 0, ""15"": 0, ""2"": 40, ""4"": 40, ""5"": 0, ""6"": 0, ""7"": 40}";1;Moins de trois vélos disponibles;Plus de trois docks disponibles
ce4bhg92rcd13ifvqf90;Marseille 8e Arrondissement;Prado - Gabes;20;0;2;18;1;1;1;43.26681, 5.382694;2025-11-26T23:19:01+00:00;0;"{""1"": 18, ""10"": 0, ""14"": 0, ""15"": 0, ""2"": 18, ""4"": 18, ""5"": 0, ""6"": 0, ""7"": 18}";0;Moins de trois vélos disponibles;Plus de trois docks disponibles
ce4bhgp2rcd13ifvqfc0;Marseille 8e Arrondissement;Promenade Pompidou David;30;0;5;24;1;1;1;43.261782, 5.374515;2025-11-26T23:19:01+00:00;0;"{""1"": 25, ""10"": 0, ""14"": 0, ""15"": 0, ""2"": 25, ""4"": 25, ""5"": 0, ""6"": 0, ""7"": 25}";1;Plus de trois vélo disponibles;Plus de trois docks disponibles
ce4bhgp2rcd13ifvqfe0;Marseille 8e Arrondissement;Rond Point du Prado;30;0;1;30;1;1;1;43.273128, 5.390727;2025-11-26T23:19:01+00:00;0;"{""1"": 30, ""10"": 0, ""14"": 0, ""15"": 0, ""2"": 30, ""4"": 30, ""5"": 0, ""6"": 0, ""7"": 30}";1;Moins de trois vélos disponibles;Plus de trois docks disponibles
ce4bhh12rcd13ifvqfg0;Marseille 8e Arrondissement;Michelet - Huveaune;40;0;0;40;1;1;1;43.267966, 5.393976;2025-11-26T23:19:01+00:00;0;"{""1"": 40, ""10"": 0, ""14"": 0, ""15"": 0, ""2"": 40, ""4"": 40, ""5"": 0, ""6"": 0, ""7"": 40}";1;Aucun vélo disponible;Plus de trois docks disponibles
ce4bhh92rcd13ifvqfi0;Marseille 8e Arrondissement;Paradis - Lord Duveen;20;0;3;17;1;1;1;43.275625, 5.384392;2025-11-26T23:19:01+00:00;0;"{""1"": 17, ""10"": 0, ""14"": 0, ""15"": 0, ""2"": 17, ""4"": 17, ""5"": 0, ""6"": 0, ""7"": 17}";0;Moins de trois vélos disponibles;Plus de trois docks disponibles
ce4bhhh2rcd13ifvqfl0;Marseille 8e Arrondissement;Negresko - Paulet;20;0;1;19;1;1;1;43.269319, 5.389397;2025-11-26T23:19:01+00:00;0;"{""1"": 19, ""10"": 0, ""14"": 0, ""15"": 0, ""2"": 19, ""4"": 19, ""5"": 0, ""6"": 0, ""7"": 19}";0;Moins de trois vélos disponibles;Plus de trois docks disponibles
ce4bhhp2rcd13ifvqfm0;Marseille 8e Arrondissement;Prado - Michelet;40;0;0;40;1;1;1;43.272119, 5.39176;2025-11-26T23:19:01+00:00;0;"{""1"": 39, ""10"": 0, ""14"": 0, ""15"": 0, ""2"": 39, ""4"": 39, ""5"": 0, ""6"": 0, ""7"": 39}";0;Aucun vélo disponible;Plus de trois docks disponibles
ce4bhi12rcd13ifvqfo0;Marseille 8e Arrondissement;Prado - Lord Duveen;20;0;2;19;1;1;1;43.27677, 5.388793;2025-11-26T23:19:01+00:00;0;"{""1"": 19, ""10"": 0, ""14"": 0, ""15"": 0, ""2"": 19, ""4"": 19, ""5"": 0, ""6"": 0, ""7"": 19}";0;Moins de trois vélos disponibles;Plus de trois docks disponibles
ce4bhi12rcd13ifvqfp0;Marseille 8e Arrondissement;Parc Pastré;20;0;10;10;1;1;1;43.239588, 5.366238;2025-11-26T23:19:01+00:00;0;"{""1"": 10, ""10"": 0, ""14"": 0, ""15"": 0, ""2"": 10, ""4"": 10, ""5"": 0, ""6"": 0, ""7"": 10}";0;Plus de trois vélo disponibles;Plus de trois docks disponibles
ce4bhih2rcd13ifvqfs0;Marseille 8e Arrondissement;Clot Bey - Leau;20;0;9;18;1;1;1;43.255756, 5.382303;2025-11-26T23:19:01+00:00;0;"{""1"": 18, ""10"": 0, ""14"": 0, ""15"": 0, ""2"": 18, ""4"": 18, ""5"": 0, ""6"": 0, ""7"": 18}";1;Plus de trois vélo disponibles;Plus de trois docks disponibles
ce4bhjp2rcd13ifvqga0;Marseille 8e Arrondissement;Liandier - Rouet;20;0;4;16;1;1;1;43.27839, 5.392143;2025-11-26T23:19:01+00:00;0;"{""1"": 16, ""10"": 0, ""14"": 0, ""15"": 0, ""2"": 16, ""4"": 16, ""5"": 0, ""6"": 0, ""7"": 16}";0;Plus de trois vélo disponibles;Plus de trois docks disponibles
ce4bhl12rcd13ifvqgf0;Marseille 9e Arrondissement;Rolland - Platanes;20;0;18;15;1;1;1;43.271718, 5.409959;2025-11-26T23:19:01+00:00;0;"{""1"": 15, ""10"": 0, ""14"": 0, ""15"": 0, ""2"": 15, ""4"": 15, ""5"": 0, ""6"": 0, ""7"": 15}";0;Plus de trois vélo disponibles;Plus de trois docks disponibles
ce4bhlh2rcd13ifvqgig;Marseille 9e Arrondissement;Obélisque de Mazargues;20;0;12;7;1;1;1;43.25102, 5.403214;2025-11-26T23:19:01+00:00;0;"{""1"": 15, ""10"": 0, ""14"": 0, ""15"": 0, ""2"": 15, ""4"": 15, ""5"": 0, ""6"": 0, ""7"": 15}";1;Plus de trois vélo disponibles;Plus de trois docks disponibles
ce4bhm12rcd13ifvqgkg;Marseille 9e Arrondissement;Mazargues - Almeras;20;0;17;3;1;1;1;43.250963, 5.395187;2025-11-26T23:19:01+00:00;0;"{""1"": 13, ""10"": 0, ""14"": 0, ""15"": 0, ""2"": 13, ""4"": 13, ""5"": 0, ""6"": 0, ""7"": 13}";1;Plus de trois vélo disponibles;Moins de trois docks disponibles
ce4bhmh2rcd13ifvqgmg;Marseille 9e Arrondissement;Coin Joli;20;0;3;17;1;1;1;43.262163, 5.404472;2025-11-26T23:19:01+00:00;0;"{""1"": 17, ""10"": 0, ""14"": 0, ""15"": 0, ""2"": 17, ""4"": 17, ""5"": 0, ""6"": 0, ""7"": 17}";1;Moins de trois vélos disponibles;Plus de trois docks disponibles
ce4bhn92rcd13ifvqgsg;Marseille 10e Arrondissement;Parc du 26ème Centenaire;20;0;7;13;1;1;1;43.282239, 5.390869;2025-11-26T23:19:01+00:00;0;"{""1"": 14, ""10"": 0, ""14"": 0, ""15"": 0, ""2"": 14, ""4"": 14, ""5"": 0, ""6"": 0, ""7"": 14}";1;Plus de trois vélo disponibles;Plus de trois docks disponibles
ce4bhnh2rcd13ifvqgug;Marseille 10e Arrondissement;Boulevard Urbain Sud - Pont de Vivaux;20;0;3;19;1;1;1;43.281548, 5.42643;2025-11-26T23:19:01+00:00;0;"{""1"": 19, ""10"": 0, ""14"": 0, ""15"": 0, ""2"": 19, ""4"": 19, ""5"": 0, ""6"": 0, ""7"": 19}";0;Moins de trois vélos disponibles;Plus de trois docks disponibles
ce4bhnp2rcd13ifvqh0g;Marseille 10e Arrondissement;Capelette - Forges;20;0;13;18;1;1;1;43.279465, 5.410561;2025-11-26T23:19:01+00:00;0;"{""1"": 18, ""10"": 0, ""14"": 0, ""15"": 0, ""2"": 18, ""4"": 18, ""5"": 0, ""6"": 0, ""7"": 18}";1;Plus de trois vélo disponibles;Plus de trois docks disponibles
ce4bho12rcd13ifvqh1g;Marseille 10e Arrondissement;Pont de Vivaux;20;0;8;16;1;1;1;43.27996, 5.416622;2025-11-26T23:19:01+00:00;0;"{""1"": 16, ""10"": 0, ""14"": 0, ""15"": 0, ""2"": 16, ""4"": 16, ""5"": 0, ""6"": 0, ""7"": 16}";1;Plus de trois vélo disponibles;Plus de trois docks disponibles
ce4bho92rcd13ifvqh3g;Marseille 5e Arrondissement;Jean Moulin - Sainte Baume;20;0;5;16;1;1;1;43.287154, 5.399979;2025-11-26T23:19:01+00:00;0;"{""1"": 16, ""10"": 0, ""14"": 0, ""15"": 0, ""2"": 16, ""4"": 16, ""5"": 0, ""6"": 0, ""7"": 16}";1;Plus de trois vélo disponibles;Plus de trois docks disponibles
ce4bho92rcd13ifvqh4g;Marseille 10e Arrondissement;Palais Omnisports;20;0;8;18;1;1;1;43.279966, 5.400089;2025-11-26T23:19:01+00:00;0;"{""1"": 18, ""10"": 0, ""14"": 0, ""15"": 0, ""2"": 18, ""4"": 18, ""5"": 0, ""6"": 0, ""7"": 18}";0;Plus de trois vélo disponibles;Plus de trois docks disponibles
ce4bhoh2rcd13ifvqh5g;Marseille 10e Arrondissement;Toulon - Menpenti;20;0;12;12;1;1;1;43.284462, 5.392121;2025-11-26T23:19:01+00:00;0;"{""1"": 12, ""10"": 0, ""14"": 0, ""15"": 0, ""2"": 12, ""4"": 12, ""5"": 0, ""6"": 0, ""7"": 12}";0;Plus de trois vélo disponibles;Plus de trois docks disponibles
ce4bhp92rcd13ifvqhcg;Marseille 12e Arrondissement;Stade Bombardière;20;0;3;17;1;1;1;43.317108, 5.437064;2025-11-26T23:19:01+00:00;0;"{""1"": 17, ""10"": 0, ""14"": 0, ""15"": 0, ""2"": 17, ""4"": 17, ""5"": 0, ""6"": 0, ""7"": 17}";0;Moins de trois vélos disponibles;Plus de trois docks disponibles
ce4bhpp2rcd13ifvqhfg;Marseille 12e Arrondissement;Saint-Jean du Désert;10;0;4;9;1;1;1;43.298776, 5.436434;2025-11-26T23:19:01+00:00;0;"{""1"": 9, ""10"": 0, ""14"": 0, ""15"": 0, ""2"": 9, ""4"": 9, ""5"": 0, ""6"": 0, ""7"": 9}";0;Plus de trois vélo disponibles;Plus de trois docks disponibles
ce4bhq92rcd13ifvqhkg;Marseille 13e Arrondissement;Malpassé Métro;30;0;0;30;1;1;1;43.320421, 5.415563;2025-11-26T23:19:01+00:00;0;"{""1"": 30, ""10"": 0, ""14"": 0, ""15"": 0, ""2"": 30, ""4"": 30, ""5"": 0, ""6"": 0, ""7"": 30}";0;Aucun vélo disponible;Plus de trois docks disponibles
ce4bhqh2rcd13ifvqhlg;Marseille 14e Arrondissement;IUT Saint Jérôme;20;0;0;20;1;1;1;43.341354, 5.409118;2025-11-26T23:19:01+00:00;0;"{""1"": 20, ""10"": 0, ""14"": 0, ""15"": 0, ""2"": 20, ""4"": 20, ""5"": 0, ""6"": 0, ""7"": 20}";0;Aucun vélo disponible;Plus de trois docks disponibles
ce4bhqh2rcd13ifvqhmg;Marseille 13e Arrondissement;Faculté Saint Jérôme;30;0;6;24;1;1;1;43.336146, 5.410335;2025-11-26T23:19:01+00:00;0;"{""1"": 24, ""10"": 0, ""14"": 0, ""15"": 0, ""2"": 24, ""4"": 24, ""5"": 0, ""6"": 0, ""7"": 24}";0;Plus de trois vélo disponibles;Plus de trois docks disponibles
ce4bhqp2rcd13ifvqhog;Marseille 14e Arrondissement;Sainte-Marthe - Moretti;20;0;3;19;1;1;1;43.32367, 5.388836;2025-11-26T23:19:01+00:00;0;"{""1"": 19, ""10"": 0, ""14"": 0, ""15"": 0, ""2"": 19, ""4"": 19, ""5"": 0, ""6"": 0, ""7"": 19}";1;Moins de trois vélos disponibles;Plus de trois docks disponibles
ce4bhr12rcd13ifvqhpg;Marseille 14e Arrondissement;Bon Secours - Huilerie;20;0;11;15;1;1;1;43.319929, 5.381694;2025-11-26T23:19:01+00:00;0;"{""1"": 15, ""10"": 0, ""14"": 0, ""15"": 0, ""2"": 15, ""4"": 15, ""5"": 0, ""6"": 0, ""7"": 15}";1;Plus de trois vélo disponibles;Plus de trois docks disponibles
ce4bhr92rcd13ifvqhsg;Marseille 14e Arrondissement;Peupliers - Berthelot;20;0;1;19;1;1;1;43.337166, 5.39184;2025-11-26T23:19:01+00:00;0;"{""1"": 19, ""10"": 0, ""14"": 0, ""15"": 0, ""2"": 19, ""4"": 19, ""5"": 0, ""6"": 0, ""7"": 19}";0;Moins de trois vélos disponibles;Plus de trois docks disponibles
ce4bhsp2rcd13ifvqi50;Marseille 3e Arrondissement;Belle Vue;20;0;5;17;1;1;1;43.31529, 5.380359;2025-11-26T23:19:01+00:00;0;"{""1"": 17, ""10"": 0, ""14"": 0, ""15"": 0, ""2"": 17, ""4"": 17, ""5"": 0, ""6"": 0, ""7"": 17}";0;Plus de trois vélo disponibles;Plus de trois docks disponibles
ce501612rcd8frsf0b60;Marseille 9e Arrondissement;Augustin Aubert;20;0;2;18;1;1;1;43.267959, 5.402685;2025-11-26T23:19:01+00:00;0;"{""1"": 18, ""10"": 0, ""14"": 0, ""15"": 0, ""2"": 18, ""4"": 18, ""5"": 0, ""6"": 0, ""7"": 18}";0;Moins de trois vélos disponibles;Plus de trois docks disponibles
chh1huq6cuj3fo74tm60;Marseille 5e Arrondissement;Camas - Jaubert;20;0;24;1;1;1;1;43.297807, 5.393533;2025-11-26T23:19:01+00:00;0;"{""1"": 2, ""10"": 0, ""14"": 0, ""15"": 0, ""2"": 2, ""4"": 2, ""5"": 0, ""6"": 0, ""7"": 2}";0;Plus de trois vélo disponibles;Moins de trois docks disponibles
cjm6bp8fraef2m0cb0m0;Marseille 9e Arrondissement;Sainte Marguerite Schloesing;20;0;2;19;1;1;1;43.26949, 5.40262;2025-11-26T23:19:01+00:00;0;"{""1"": 20, ""10"": 0, ""14"": 0, ""15"": 0, ""2"": 20, ""4"": 20, ""5"": 0, ""6"": 0, ""7"": 20}";0;Moins de trois vélos disponibles;Plus de trois docks disponibles
cpo3342slgdg3j2ifvpg;Marseille 8e Arrondissement;Entrée du parc national des calanques;30;0;10;23;1;1;1;43.23052, 5.35489;2025-11-26T23:19:01+00:00;0;"{""1"": 23, ""10"": 0, ""14"": 0, ""15"": 0, ""2"": 23, ""4"": 23, ""5"": 0, ""6"": 0, ""7"": 23}";1;Plus de trois vélo disponibles;Plus de trois docks disponibles
cpo3532slgdg3j2ikp40;Marseille 8e Arrondissement;Saména;20;0;8;19;1;1;1;43.22926, 5.35377;2025-11-26T23:19:01+00:00;0;"{""1"": 19, ""10"": 0, ""14"": 0, ""15"": 0, ""2"": 19, ""4"": 19, ""5"": 0, ""6"": 0, ""7"": 19}";1;Plus de trois vélo disponibles;Plus de trois docks disponibles
st_d2m65c5bi1j21697t3ng;Marseille 9e Arrondissement;La rouvière;30;0;9;20;1;1;1;43.253415, 5.421725;2025-11-26T23:19:01+00:00;0;"{""1"": 23, ""10"": 0, ""14"": 0, ""15"": 0, ""2"": 23, ""4"": 23, ""5"": 0, ""6"": 0, ""7"": 23}";1;Plus de trois vélo disponibles;Plus de trois docks disponibles
st_d2m6c4gdas8pm72e190g;Marseille 9e Arrondissement;Lachamp Le Clos des Iris;20;0;5;15;1;1;1;43.24634, 5.43156;2025-11-26T23:19:01+00:00;0;"{""1"": 16, ""10"": 0, ""14"": 0, ""15"": 0, ""2"": 16, ""4"": 16, ""5"": 0, ""6"": 0, ""7"": 16}";1;Plus de trois vélo disponibles;Plus de trois docks disponibles
st_d2ngiaodas8pm72gd1h0;Marseille 9e Arrondissement;Tassigny - Mazargues;30;0;8;21;1;1;1;43.249557, 5.404859;2025-11-26T23:19:01+00:00;0;"{""1"": 22, ""10"": 0, ""14"": 0, ""15"": 0, ""2"": 22, ""4"": 22, ""5"": 0, ""6"": 0, ""7"": 22}";1;Plus de trois vélo disponibles;Plus de trois docks disponibles
st_d3n2fo6cfp8s73cte1j0;Marseille 8e Arrondissement;Mairie de Bagatelle;20;0;3;17;1;1;1;43.270679, 5.383221;2025-11-26T23:19:01+00:00;0;"{""1"": 17, ""10"": 0, ""14"": 0, ""15"": 0, ""2"": 17, ""4"": 17, ""5"": 0, ""6"": 0, ""7"": 17}";1;Moins de trois vélos disponibles;Plus de trois docks disponibles
st_d46tts09ee8s73dlu43g;Marseille 14e Arrondissement;Gay - Lussac;30;0;4;26;1;1;1;43.33558, 5.3746;2025-11-26T23:19:01+00:00;0;"{""1"": 29, ""10"": 0, ""14"": 0, ""15"": 0, ""2"": 29, ""4"": 29, ""5"": 0, ""6"": 0, ""7"": 29}";1;Plus de trois vélo disponibles;Plus de trois docks disponibles
st_d4a3vfp97mjs738cd8kg;Marseille 9e Arrondissement;Valmont - Redon;20;0;4;16;1;1;1;43.24473, 5.42547;2025-11-26T23:19:01+00:00;0;"{""1"": 16, ""10"": 0, ""14"": 0, ""15"": 0, ""2"": 16, ""4"": 16, ""5"": 0, ""6"": 0, ""7"": 16}";1;Plus de trois vélo disponibles;Plus de trois docks disponibles
st_d4a7ka997mjs738ck50g;Marseille 10e Arrondissement;Jean Moulin - Saint Etienne;30;0;8;21;1;1;1;43.28608, 5.39874;2025-11-26T23:19:01+00:00;0;"{""1"": 27, ""10"": 0, ""14"": 0, ""15"": 0, ""2"": 27, ""4"": 27, ""5"": 0, ""6"": 0, ""7"": 27}";1;Plus de trois vélo disponibles;Plus de trois docks disponibles
st_d4asgbiv49dc73anf9m0;Marseille 14e Arrondissement;Gibbes - Calvet;20;0;1;19;1;1;1;43.32495, 5.38301;2025-11-26T23:19:01+00:00;0;"{""1"": 19, ""10"": 0, ""14"": 0, ""15"": 0, ""2"": 19, ""4"": 19, ""5"": 0, ""6"": 0, ""7"": 19}";1;Moins de trois vélos disponibles;Plus de trois docks disponibles
ce4bgjh2rcd13ifvqbg0;Marseille 1er Arrondissement;Colbert - Sainte Barbe;20;0;4;16;1;1;1;43.299249, 5.374809;2025-11-26T23:19:01+00:00;0;"{""1"": 18, ""10"": 0, ""14"": 0, ""15"": 0, ""2"": 18, ""4"": 18, ""5"": 0, ""6"": 0, ""7"": 18}";1;Plus de trois vélo disponibles;Plus de trois docks disponibles
ce4bgjp2rcd13ifvqbh0;Marseille 1er Arrondissement;Saint Charles - Place des Marseillaises;30;0;0;29;1;1;1;43.301417, 5.3809;2025-11-26T23:19:01+00:00;0;"{""1"": 30, ""10"": 0, ""14"": 0, ""15"": 0, ""2"": 30, ""4"": 30, ""5"": 0, ""6"": 0, ""7"": 30}";1;Aucun vélo disponible;Plus de trois docks disponibles
ce4bgk12rcd13ifvqbj0;Marseille 2e Arrondissement;Coutellerie;20;0;2;18;1;1;1;43.2968, 5.37291;2025-11-26T23:19:01+00:00;0;"{""1"": 18, ""10"": 0, ""14"": 0, ""15"": 0, ""2"": 18, ""4"": 18, ""5"": 0, ""6"": 0, ""7"": 18}";1;Moins de trois vélos disponibles;Plus de trois docks disponibles
ce4bgl12rcd13ifvqbo0;Marseille 1er Arrondissement;Académie - Capucins;20;0;1;19;1;1;1;43.296007, 5.381079;2025-11-26T23:19:01+00:00;0;"{""1"": 20, ""10"": 0, ""14"": 0, ""15"": 0, ""2"": 20, ""4"": 20, ""5"": 0, ""6"": 0, ""7"": 20}";1;Moins de trois vélos disponibles;Plus de trois docks disponibles
ce4bgn12rcd13ifvqbt0;Marseille 2e Arrondissement;Place de Lenche;20;0;18;1;1;1;1;43.297075, 5.366057;2025-11-26T23:19:01+00:00;0;"{""1"": 13, ""10"": 0, ""14"": 0, ""15"": 0, ""2"": 13, ""4"": 13, ""5"": 0, ""6"": 0, ""7"": 13}";0;Plus de trois vélo disponibles;Moins de trois docks disponibles
ce4bgn92rcd13ifvqbvg;Marseille 2e Arrondissement;Euromediterrannee Gantes;20;0;2;18;1;1;1;43.309076, 5.368465;2025-11-26T23:19:01+00:00;0;"{""1"": 18, ""10"": 0, ""14"": 0, ""15"": 0, ""2"": 18, ""4"": 18, ""5"": 0, ""6"": 0, ""7"": 18}";0;Moins de trois vélos disponibles;Plus de trois docks disponibles
ce4bgop2rcd13ifvqc1g;Marseille 2e Arrondissement;Grand Rue;20;0;3;16;1;1;1;43.297839, 5.370991;2025-11-26T23:19:01+00:00;0;"{""1"": 19, ""10"": 0, ""14"": 0, ""15"": 0, ""2"": 19, ""4"": 19, ""5"": 0, ""6"": 0, ""7"": 19}";1;Moins de trois vélos disponibles;Plus de trois docks disponibles
ce4bgrp2rcd13ifvqc9g;Marseille 2e Arrondissement;Joliette - Dunkerque;20;0;2;18;1;1;1;43.305365, 5.367344;2025-11-26T23:19:01+00:00;0;"{""1"": 19, ""10"": 0, ""14"": 0, ""15"": 0, ""2"": 19, ""4"": 19, ""5"": 0, ""6"": 0, ""7"": 19}";1;Moins de trois vélos disponibles;Plus de trois docks disponibles
ce4bgs12rcd13ifvqcag;Marseille 2e Arrondissement;Les Docks - Terrasses du Port;30;0;0;30;1;1;1;43.305625, 5.365619;2025-11-26T23:19:01+00:00;0;"{""1"": 30, ""10"": 0, ""14"": 0, ""15"": 0, ""2"": 30, ""4"": 30, ""5"": 0, ""6"": 0, ""7"": 30}";0;Aucun vélo disponible;Plus de trois docks disponibles
ce4bgs92rcd13ifvqcc0;Marseille 2e Arrondissement;Jules Guesde;20;0;1;19;1;1;1;43.301429, 5.374132;2025-11-26T23:19:01+00:00;0;"{""1"": 19, ""10"": 0, ""14"": 0, ""15"": 0, ""2"": 19, ""4"": 19, ""5"": 0, ""6"": 0, ""7"": 19}";1;Moins de trois vélos disponibles;Plus de trois docks disponibles
ce4bgt12rcd13ifvqcd0;Marseille 3e Arrondissement;National Métro;30;0;6;26;1;1;1;43.314811, 5.373104;2025-11-26T23:19:01+00:00;0;"{""1"": 26, ""10"": 0, ""14"": 0, ""15"": 0, ""2"": 26, ""4"": 26, ""5"": 0, ""6"": 0, ""7"": 26}";1;Plus de trois vélo disponibles;Plus de trois docks disponibles
ce4bgt92rcd13ifvqcg0;Marseille 3e Arrondissement;National - Hoche;20;0;8;14;1;1;1;43.311124, 5.377653;2025-11-26T23:19:01+00:00;0;"{""1"": 14, ""10"": 0, ""14"": 0, ""15"": 0, ""2"": 14, ""4"": 14, ""5"": 0, ""6"": 0, ""7"": 14}";1;Plus de trois vélo disponibles;Plus de trois docks disponibles
ce4bgth2rcd13ifvqch0;Marseille 3e Arrondissement;Auphan - Vaillant;20;0;4;19;1;1;1;43.317075, 5.377367;2025-11-26T23:19:01+00:00;0;"{""1"": 19, ""10"": 0, ""14"": 0, ""15"": 0, ""2"": 19, ""4"": 19, ""5"": 0, ""6"": 0, ""7"": 19}";0;Plus de trois vélo disponibles;Plus de trois docks disponibles
ce4bguh2rcd13ifvqckg;Marseille 3e Arrondissement;Hôpital Européen;20;0;5;18;1;1;1;43.309054, 5.371777;2025-11-26T23:19:01+00:00;0;"{""1"": 18, ""10"": 0, ""14"": 0, ""15"": 0, ""2"": 18, ""4"": 18, ""5"": 0, ""6"": 0, ""7"": 18}";0;Plus de trois vélo disponibles;Plus de trois docks disponibles
ce4bgv12rcd13ifvqcp0;Marseille 3e Arrondissement;Place Cadenat;20;0;13;18;1;1;1;43.311722, 5.387247;2025-11-26T23:19:01+00:00;0;"{""1"": 18, ""10"": 0, ""14"": 0, ""15"": 0, ""2"": 18, ""4"": 18, ""5"": 0, ""6"": 0, ""7"": 18}";0;Plus de trois vélo disponibles;Plus de trois docks disponibles
ce4bgv92rcd13ifvqcq0;Marseille 3e Arrondissement;Strasbourg - Leca;20;0;7;14;1;1;1;43.307945, 5.376487;2025-11-26T23:19:01+00:00;0;"{""1"": 14, ""10"": 0, ""14"": 0, ""15"": 0, ""2"": 14, ""4"": 14, ""5"": 0, ""6"": 0, ""7"": 14}";0;Plus de trois vélo disponibles;Plus de trois docks disponibles
ce4bgv92rcd13ifvqcr0;Marseille 3e Arrondissement;Belle de Mai Cristofol;10;0;5;6;1;1;1;43.310804, 5.38359;2025-11-26T23:19:01+00:00;0;"{""1"": 6, ""10"": 0, ""14"": 0, ""15"": 0, ""2"": 6, ""4"": 6, ""5"": 0, ""6"": 0, ""7"": 6}";1;Plus de trois vélo disponibles;Plus de trois docks disponibles
ce4bgvp2rcd13ifvqcu0;Marseille 4e Arrondissement;Chutes Lavie - Guigou;20;0;10;19;1;1;1;43.313291, 5.396838;2025-11-26T23:19:01+00:00;0;"{""1"": 19, ""10"": 0, ""14"": 0, ""15"": 0, ""2"": 19, ""4"": 19, ""5"": 0, ""6"": 0, ""7"": 19}";0;Plus de trois vélo disponibles;Plus de trois docks disponibles
ce4bh092rcd13ifvqd20;Marseille 4e Arrondissement;Cinq Avenues Longchamp;20;0;0;20;1;1;1;43.304292, 5.397521;2025-11-26T23:19:01+00:00;0;"{""1"": 20, ""10"": 0, ""14"": 0, ""15"": 0, ""2"": 20, ""4"": 20, ""5"": 0, ""6"": 0, ""7"": 20}";0;Aucun vélo disponible;Plus de trois docks disponibles
ce4bh192rcd13ifvqdb0;Marseille 4e Arrondissement;Liberation - Isoard;20;0;1;19;1;1;1;43.300851, 5.390857;2025-11-26T23:19:01+00:00;0;"{""1"": 19, ""10"": 0, ""14"": 0, ""15"": 0, ""2"": 19, ""4"": 19, ""5"": 0, ""6"": 0, ""7"": 19}";0;Moins de trois vélos disponibles;Plus de trois docks disponibles
ce4bh292rcd13ifvqdg0;Marseille 5e Arrondissement;Pierre Roux;20;0;13;7;1;1;1;43.285735, 5.39501;2025-11-26T23:19:01+00:00;0;"{""1"": 7, ""10"": 0, ""14"": 0, ""15"": 0, ""2"": 7, ""4"": 7, ""5"": 0, ""6"": 0, ""7"": 7}";0;Plus de trois vélo disponibles;Plus de trois docks disponibles
ce4bh312rcd13ifvqdj0;Marseille 5e Arrondissement;Chave - Sakakini;20;0;3;17;1;1;1;43.295713, 5.399639;2025-11-26T23:19:01+00:00;0;"{""1"": 17, ""10"": 0, ""14"": 0, ""15"": 0, ""2"": 17, ""4"": 17, ""5"": 0, ""6"": 0, ""7"": 17}";0;Moins de trois vélos disponibles;Plus de trois docks disponibles
ce4bh392rcd13ifvqdl0;Marseille 5e Arrondissement;Tivoli - Roosevelt;20;0;7;14;1;1;1;43.298764, 5.388973;2025-11-26T23:19:01+00:00;0;"{""1"": 13, ""10"": 0, ""14"": 0, ""15"": 0, ""2"": 13, ""4"": 13, ""5"": 0, ""6"": 0, ""7"": 13}";0;Plus de trois vélo disponibles;Plus de trois docks disponibles
ce4bh3p2rcd13ifvqdq0;Marseille 6e Arrondissement;Notre-Dame - Dragon;10;0;13;7;1;1;1;43.286961, 5.373785;2025-11-26T23:19:01+00:00;0;"{""1"": 7, ""10"": 0, ""14"": 0, ""15"": 0, ""2"": 7, ""4"": 7, ""5"": 0, ""6"": 0, ""7"": 7}";0;Plus de trois vélo disponibles;Plus de trois docks disponibles
ce4bh4p2rcd13ifvqe0g;Marseille 6e Arrondissement;Lodi - Berlioz;20;0;16;9;1;1;1;43.290345, 5.386447;2025-11-26T23:19:01+00:00;0;"{""1"": 9, ""10"": 0, ""14"": 0, ""15"": 0, ""2"": 9, ""4"": 9, ""5"": 0, ""6"": 0, ""7"": 9}";0;Plus de trois vélo disponibles;Plus de trois docks disponibles
ce4bh512rcd13ifvqe2g;Marseille 6e Arrondissement;Rome - Salvator;30;0;1;29;1;1;1;43.290995, 5.381361;2025-11-26T23:19:01+00:00;0;"{""1"": 29, ""10"": 0, ""14"": 0, ""15"": 0, ""2"": 29, ""4"": 29, ""5"": 0, ""6"": 0, ""7"": 29}";0;Moins de trois vélos disponibles;Plus de trois docks disponibles
ce4bh5p2rcd13ifvqe4g;Marseille 7e Arrondissement;Place de la Corderie;20;0;3;18;1;1;1;43.290779, 5.371482;2025-11-26T23:19:01+00:00;0;"{""1"": 18, ""10"": 0, ""14"": 0, ""15"": 0, ""2"": 18, ""4"": 18, ""5"": 0, ""6"": 0, ""7"": 18}";0;Moins de trois vélos disponibles;Plus de trois docks disponibles
ce4bh612rcd13ifvqe6g;Marseille 6e Arrondissement;Lieutaud - Berlioz;20;0;6;15;1;1;1;43.289307, 5.38406;2025-11-26T23:19:01+00:00;0;"{""1"": 15, ""10"": 0, ""14"": 0, ""15"": 0, ""2"": 15, ""4"": 15, ""5"": 0, ""6"": 0, ""7"": 15}";0;Plus de trois vélo disponibles;Plus de trois docks disponibles
ce4bh692rcd13ifvqe90;Marseille 6e Arrondissement;Pierre Puget - Breteuil;20;0;3;17;1;1;1;43.290323, 5.375722;2025-11-26T23:19:01+00:00;0;"{""1"": 17, ""10"": 0, ""14"": 0, ""15"": 0, ""2"": 17, ""4"": 17, ""5"": 0, ""6"": 0, ""7"": 17}";0;Moins de trois vélos disponibles;Plus de trois docks disponibles
ce4bh8p2rcd13ifvqeb0;Marseille 6e Arrondissement;Cantini - Rouet;40;0;2;38;1;1;1;43.284776, 5.385603;2025-11-26T23:19:01+00:00;0;"{""1"": 38, ""10"": 0, ""14"": 0, ""15"": 0, ""2"": 38, ""4"": 38, ""5"": 0, ""6"": 0, ""7"": 38}";1;Moins de trois vélos disponibles;Plus de trois docks disponibles
ce4bh9p2rcd13ifvqed0;Marseille 6e Arrondissement;Estrangin;20;0;2;19;1;1;1;43.289744, 5.378304;2025-11-26T23:19:01+00:00;0;"{""1"": 19, ""10"": 0, ""14"": 0, ""15"": 0, ""2"": 19, ""4"": 19, ""5"": 0, ""6"": 0, ""7"": 19}";0;Moins de trois vélos disponibles;Plus de trois docks disponibles
ce4bha12rcd13ifvqef0;Marseille 7e Arrondissement;Place du Terrail;20;0;7;14;1;1;1;43.280391, 5.369308;2025-11-26T23:19:01+00:00;0;"{""1"": 14, ""10"": 0, ""14"": 0, ""15"": 0, ""2"": 14, ""4"": 14, ""5"": 0, ""6"": 0, ""7"": 14}";0;Plus de trois vélo disponibles;Plus de trois docks disponibles
ce4bha92rcd13ifvqeg0;Marseille 7e Arrondissement;Pasteur;20;0;13;13;1;1;1;43.290639, 5.359243;2025-11-26T23:19:01+00:00;0;"{""1"": 13, ""10"": 0, ""14"": 0, ""15"": 0, ""2"": 13, ""4"": 13, ""5"": 0, ""6"": 0, ""7"": 13}";0;Plus de trois vélo disponibles;Plus de trois docks disponibles
ce4bhah2rcd13ifvqej0;Marseille 7e Arrondissement;Vallon Jourdan;20;0;13;12;1;1;1;43.286598, 5.363348;2025-11-26T23:19:01+00:00;0;"{""1"": 12, ""10"": 0, ""14"": 0, ""15"": 0, ""2"": 12, ""4"": 12, ""5"": 0, ""6"": 0, ""7"": 12}";0;Plus de trois vélo disponibles;Plus de trois docks disponibles
ce4bhb12rcd13ifvqem0;Marseille 7e Arrondissement;Place du 4 Septembre;20;0;10;15;1;1;1;43.28856, 5.358371;2025-11-26T23:19:01+00:00;0;"{""1"": 13, ""10"": 0, ""14"": 0, ""15"": 0, ""2"": 13, ""4"": 13, ""5"": 0, ""6"": 0, ""7"": 13}";1;Plus de trois vélo disponibles;Plus de trois docks disponibles
ce4bhe12rcd13ifvqf30;Marseille 8e Arrondissement;Mazargues - Huveaune;20;0;6;14;1;1;1;43.265575, 5.390043;2025-11-26T23:19:01+00:00;0;"{""1"": 14, ""10"": 0, ""14"": 0, ""15"": 0, ""2"": 14, ""4"": 14, ""5"": 0, ""6"": 0, ""7"": 14}";1;Plus de trois vélo disponibles;Plus de trois docks disponibles
ce4bhgp2rcd13ifvqfd0;Marseille 8e Arrondissement;Hambourg Rond Point Guerre;20;0;3;18;1;1;1;43.250035, 5.389139;2025-11-26T23:19:01+00:00;0;"{""1"": 18, ""10"": 0, ""14"": 0, ""15"": 0, ""2"": 18, ""4"": 18, ""5"": 0, ""6"": 0, ""7"": 18}";0;Moins de trois vélos disponibles;Plus de trois docks disponibles
ce4bhh12rcd13ifvqff0;Marseille 8e Arrondissement;Escale Borély;60;0;20;46;1;1;1;43.254948, 5.376452;2025-11-26T23:19:01+00:00;0;"{""1"": 46, ""10"": 0, ""14"": 0, ""15"": 0, ""2"": 46, ""4"": 46, ""5"": 0, ""6"": 0, ""7"": 46}";1;Plus de trois vélo disponibles;Plus de trois docks disponibles
ce4bhh92rcd13ifvqfh0;Marseille 8e Arrondissement;Prado - Paradis;20;0;0;20;1;1;1;43.269467, 5.386439;2025-11-26T23:19:01+00:00;0;"{""1"": 20, ""10"": 0, ""14"": 0, ""15"": 0, ""2"": 20, ""4"": 20, ""5"": 0, ""6"": 0, ""7"": 20}";0;Aucun vélo disponible;Plus de trois docks disponibles
ce4bhk92rcd13ifvqgc0;Marseille 9e Arrondissement;Sainte-Marguerite Dromel;30;0;0;30;1;1;1;43.270585, 5.402538;2025-11-26T23:19:01+00:00;0;"{""1"": 30, ""10"": 0, ""14"": 0, ""15"": 0, ""2"": 30, ""4"": 30, ""5"": 0, ""6"": 0, ""7"": 30}";1;Aucun vélo disponible;Plus de trois docks disponibles
ce4bhkp2rcd13ifvqgd0;Marseille 9e Arrondissement;La Gaye;20;0;9;12;1;1;1;43.257079, 5.411051;2025-11-26T23:19:01+00:00;0;"{""1"": 12, ""10"": 0, ""14"": 0, ""15"": 0, ""2"": 12, ""4"": 12, ""5"": 0, ""6"": 0, ""7"": 12}";0;Plus de trois vélo disponibles;Plus de trois docks disponibles
ce4bhlp2rcd13ifvqgjg;Marseille 8e Arrondissement;Lancier - Savary;10;0;5;7;1;1;1;43.24558, 5.39507;2025-11-26T23:19:01+00:00;0;"{""1"": 7, ""10"": 0, ""14"": 0, ""15"": 0, ""2"": 7, ""4"": 7, ""5"": 0, ""6"": 0, ""7"": 7}";0;Plus de trois vélo disponibles;Plus de trois docks disponibles
ce4bhmp2rcd13ifvqgog;Marseille 9e Arrondissement;Luminy - Parc National des Calanques;40;0;4;38;1;1;1;43.231562, 5.436933;2025-11-26T23:19:01+00:00;0;"{""1"": 38, ""10"": 0, ""14"": 0, ""15"": 0, ""2"": 38, ""4"": 38, ""5"": 0, ""6"": 0, ""7"": 38}";1;Plus de trois vélo disponibles;Plus de trois docks disponibles
ce4bhoh2rcd13ifvqh6g;Marseille 12e Arrondissement;La Fourragère;20;0;0;20;1;1;1;43.304024, 5.424768;2025-11-26T23:19:01+00:00;0;"{""1"": 20, ""10"": 0, ""14"": 0, ""15"": 0, ""2"": 20, ""4"": 20, ""5"": 0, ""6"": 0, ""7"": 20}";0;Aucun vélo disponible;Plus de trois docks disponibles
ce4bhp12rcd13ifvqh9g;Marseille 12e Arrondissement;Louis Armand;20;0;2;18;1;1;1;43.299586, 5.413265;2025-11-26T23:19:01+00:00;0;"{""1"": 18, ""10"": 0, ""14"": 0, ""15"": 0, ""2"": 18, ""4"": 18, ""5"": 0, ""6"": 0, ""7"": 18}";0;Moins de trois vélos disponibles;Plus de trois docks disponibles
ce4bhp92rcd13ifvqhag;Marseille 12e Arrondissement;Bois Luzy;10;0;0;10;1;1;1;43.310785, 5.424305;2025-11-26T23:19:01+00:00;0;"{""1"": 10, ""10"": 0, ""14"": 0, ""15"": 0, ""2"": 10, ""4"": 10, ""5"": 0, ""6"": 0, ""7"": 10}";0;Aucun vélo disponible;Plus de trois docks disponibles
ce4bhp92rcd13ifvqhbg;Marseille 12e Arrondissement;Montolivet;20;0;4;20;1;1;1;43.317121, 5.423936;2025-11-26T23:19:01+00:00;0;"{""1"": 19, ""10"": 0, ""14"": 0, ""15"": 0, ""2"": 19, ""4"": 19, ""5"": 0, ""6"": 0, ""7"": 19}";0;Plus de trois vélo disponibles;Plus de trois docks disponibles
ce4bhpp2rcd13ifvqhgg;Marseille 13e Arrondissement;Saint-Paul - Malpassé;20;0;5;15;1;1;1;43.326605, 5.409903;2025-11-26T23:19:01+00:00;0;"{""1"": 15, ""10"": 0, ""14"": 0, ""15"": 0, ""2"": 15, ""4"": 15, ""5"": 0, ""6"": 0, ""7"": 15}";0;Plus de trois vélo disponibles;Plus de trois docks disponibles
ce4bhq12rcd13ifvqhig;Marseille 13e Arrondissement;Perrin - Le Moulin;20;0;3;18;1;1;1;43.318909, 5.40752;2025-11-26T23:19:01+00:00;0;"{""1"": 18, ""10"": 0, ""14"": 0, ""15"": 0, ""2"": 18, ""4"": 18, ""5"": 0, ""6"": 0, ""7"": 18}";0;Moins de trois vélos disponibles;Plus de trois docks disponibles
ce4bhqp2rcd13ifvqhng;Marseille 14e Arrondissement;Sainte-Marthe - Glacière;20;0;4;20;1;1;1;43.317557, 5.390173;2025-11-26T23:19:01+00:00;0;"{""1"": 20, ""10"": 0, ""14"": 0, ""15"": 0, ""2"": 20, ""4"": 20, ""5"": 0, ""6"": 0, ""7"": 20}";0;Plus de trois vélo disponibles;Plus de trois docks disponibles
ce4bhrh2rcd13ifvqhug;Marseille 15e Arrondissement;Zoccola;20;0;6;19;1;1;1;43.3209, 5.367666;2025-11-26T23:19:01+00:00;0;"{""1"": 19, ""10"": 0, ""14"": 0, ""15"": 0, ""2"": 19, ""4"": 19, ""5"": 0, ""6"": 0, ""7"": 19}";1;Plus de trois vélo disponibles;Plus de trois docks disponibles
ce4bhsh2rcd13ifvqi2g;Marseille 15e Arrondissement;Lyon - Zoccola;20;0;14;10;1;1;1;43.323417, 5.367669;2025-11-26T23:19:01+00:00;0;"{""1"": 10, ""10"": 0, ""14"": 0, ""15"": 0, ""2"": 10, ""4"": 10, ""5"": 0, ""6"": 0, ""7"": 10}";1;Plus de trois vélo disponibles;Plus de trois docks disponibles
cpo36qri1sfpv3e86is0;Marseille 8e Arrondissement;Bain des Dames;20;0;15;13;1;1;1;43.24167, 5.36393;2025-11-26T23:19:01+00:00;0;"{""1"": 13, ""10"": 0, ""14"": 0, ""15"": 0, ""2"": 13, ""4"": 13, ""5"": 0, ""6"": 0, ""7"": 13}";1;Plus de trois vélo disponibles;Plus de trois docks disponibles
st_cvj5dfep6f1abm77gieg;Marseille 8e Arrondissement;Station éphémère - Escalette;100;0;0;100;1;1;1;43.224973, 5.347874;2025-11-26T23:19:01+00:00;1;"{""1"": 100, ""10"": 100, ""14"": 0, ""15"": 0, ""2"": 100, ""4"": 100, ""5"": 0, ""6"": 0, ""7"": 100}";0;Aucun vélo disponible;Plus de trois docks disponibles
st_d2o4gvlbi1j2169b742g;Marseille 9e Arrondissement;Morgiou;40;0;7;34;1;1;1;43.225616, 5.416236;2025-11-26T23:19:01+00:00;0;"{""1"": 36, ""10"": 0, ""14"": 0, ""15"": 0, ""2"": 36, ""4"": 36, ""5"": 0, ""6"": 0, ""7"": 36}";1;Plus de trois vélo disponibles;Plus de trois docks disponibles
st_d3js3co5814s73ftftug;Marseille 12e Arrondissement;Les Borromées;20;0;2;18;1;1;1;43.30125, 5.43125;2025-11-26T23:19:01+00:00;0;"{""1"": 18, ""10"": 0, ""14"": 0, ""15"": 0, ""2"": 18, ""4"": 18, ""5"": 0, ""6"": 0, ""7"": 18}";1;Moins de trois vélos disponibles;Plus de trois docks disponibles
st_d3nk18o9ro0c73en2l3g;Marseille 8e Arrondissement;Carthage - Engaliere;30;0;15;15;1;1;1;43.2378, 5.36635;2025-11-26T23:19:01+00:00;0;"{""1"": 17, ""10"": 0, ""14"": 0, ""15"": 0, ""2"": 17, ""4"": 17, ""5"": 0, ""6"": 0, ""7"": 17}";1;Plus de trois vélo disponibles;Plus de trois docks disponibles
st_d46cu089ee8s73dldbu0;Marseille 14e Arrondissement;Geze - Arnavon;20;0;2;18;1;1;1;43.331575, 5.376771;2025-11-26T23:19:01+00:00;0;"{""1"": 18, ""10"": 0, ""14"": 0, ""15"": 0, ""2"": 18, ""4"": 18, ""5"": 0, ""6"": 0, ""7"": 18}";1;Moins de trois vélos disponibles;Plus de trois docks disponibles
st_d4e5ca6na9uc73bfl5fg;Marseille 9e Arrondissement;Paoli Calmettes;20;0;0;20;1;1;1;43.26366, 5.41087;2025-11-26T23:19:01+00:00;0;"{""1"": 20, ""10"": 0, ""14"": 0, ""15"": 0, ""2"": 20, ""4"": 20, ""5"": 0, ""6"": 0, ""7"": 20}";1;Aucun vélo disponible;Plus de trois docks disponibles
ce4bgg92rcd13ifvqb30;Marseille 1er Arrondissement;National - Guibal;20;0;2;18;1;1;1;43.305364, 5.384119;2025-11-26T23:19:01+00:00;0;"{""1"": 20, ""10"": 0, ""14"": 0, ""15"": 0, ""2"": 20, ""4"": 20, ""5"": 0, ""6"": 0, ""7"": 20}";0;Moins de trois vélos disponibles;Plus de trois docks disponibles
ce4bgh92rcd13ifvqb40;Marseille 1er Arrondissement;Place aux huiles;20;0;0;20;1;1;1;43.29307, 5.3718;2025-11-26T23:19:01+00:00;0;"{""1"": 20, ""10"": 0, ""14"": 0, ""15"": 0, ""2"": 20, ""4"": 20, ""5"": 0, ""6"": 0, ""7"": 20}";1;Aucun vélo disponible;Plus de trois docks disponibles
ce4bgh92rcd13ifvqb50;Marseille 1er Arrondissement;Canebiere Reine Elisabeth;20;0;0;19;1;1;1;43.295748, 5.37522;2025-11-26T23:19:01+00:00;0;"{""1"": 20, ""10"": 0, ""14"": 0, ""15"": 0, ""2"": 20, ""4"": 20, ""5"": 0, ""6"": 0, ""7"": 20}";1;Aucun vélo disponible;Plus de trois docks disponibles
ce4bgi12rcd13ifvqb70;Marseille 1er Arrondissement;Cours Jean Ballard;20;0;2;18;1;1;1;43.293009, 5.374584;2025-11-26T23:19:01+00:00;0;"{""1"": 20, ""10"": 0, ""14"": 0, ""15"": 0, ""2"": 20, ""4"": 20, ""5"": 0, ""6"": 0, ""7"": 20}";1;Moins de trois vélos disponibles;Plus de trois docks disponibles
ce4bgi12rcd13ifvqb80;Marseille 1er Arrondissement;Sainte - Lulli;20;0;1;19;1;1;1;43.292666, 5.376394;2025-11-26T23:19:01+00:00;0;"{""1"": 19, ""10"": 0, ""14"": 0, ""15"": 0, ""2"": 19, ""4"": 19, ""5"": 0, ""6"": 0, ""7"": 19}";1;Moins de trois vélos disponibles;Plus de trois docks disponibles
ce4bgip2rcd13ifvqbb0;Marseille 1er Arrondissement;Canebière - Dugommier;20;0;1;17;1;1;1;43.298037, 5.381066;2025-11-26T23:19:01+00:00;0;"{""1"": 20, ""10"": 0, ""14"": 0, ""15"": 0, ""2"": 20, ""4"": 20, ""5"": 0, ""6"": 0, ""7"": 20}";1;Moins de trois vélos disponibles;Plus de trois docks disponibles
ce4bgj92rcd13ifvqbe0;Marseille 7e Arrondissement;Vallon de l’Oriol;20;0;2;17;1;1;1;43.27618, 5.36101;2025-11-26T23:19:01+00:00;0;"{""1"": 17, ""10"": 0, ""14"": 0, ""15"": 0, ""2"": 17, ""4"": 17, ""5"": 0, ""6"": 0, ""7"": 17}";0;Moins de trois vélos disponibles;Plus de trois docks disponibles
ce4bgjh2rcd13ifvqbf0;Marseille 1er Arrondissement;Saint-Ferréol - Davso;30;0;3;28;1;1;1;43.2936, 5.37835;2025-11-26T23:19:01+00:00;0;"{""1"": 28, ""10"": 0, ""14"": 0, ""15"": 0, ""2"": 28, ""4"": 28, ""5"": 0, ""6"": 0, ""7"": 28}";0;Moins de trois vélos disponibles;Plus de trois docks disponibles
ce4bgk12rcd13ifvqbi0;Marseille 1er Arrondissement;Flammarion - Isoard;20;0;3;18;1;1;1;43.304278, 5.388873;2025-11-26T23:19:01+00:00;0;"{""1"": 18, ""10"": 0, ""14"": 0, ""15"": 0, ""2"": 18, ""4"": 18, ""5"": 0, ""6"": 0, ""7"": 18}";0;Moins de trois vélos disponibles;Plus de trois docks disponibles
ce4bgkp2rcd13ifvqbmg;Marseille 1er Arrondissement;Canebiere - Beauvau;30;0;1;29;1;1;1;43.295279, 5.375048;2025-11-26T23:19:01+00:00;0;"{""1"": 30, ""10"": 0, ""14"": 0, ""15"": 0, ""2"": 30, ""4"": 30, ""5"": 0, ""6"": 0, ""7"": 30}";1;Moins de trois vélos disponibles;Plus de trois docks disponibles
ce4bgm92rcd13ifvqbr0;Marseille 2e Arrondissement;La Major;20;0;4;17;1;1;1;43.299215, 5.365548;2025-11-26T23:19:01+00:00;0;"{""1"": 17, ""10"": 0, ""14"": 0, ""15"": 0, ""2"": 17, ""4"": 17, ""5"": 0, ""6"": 0, ""7"": 17}";1;Plus de trois vélo disponibles;Plus de trois docks disponibles
ce4bgnh2rcd13ifvqc0g;Marseille 2e Arrondissement;Hôtel de Ville;30;0;11;21;1;1;1;43.296153, 5.37152;2025-11-26T23:19:01+00:00;0;"{""1"": 24, ""10"": 0, ""14"": 0, ""15"": 0, ""2"": 24, ""4"": 24, ""5"": 0, ""6"": 0, ""7"": 24}";1;Plus de trois vélo disponibles;Plus de trois docks disponibles
ce4bgph2rcd13ifvqc2g;Marseille 2e Arrondissement;Quai du Port;20;0;3;16;1;1;1;43.29573, 5.367355;2025-11-26T23:19:01+00:00;0;"{""1"": 19, ""10"": 0, ""14"": 0, ""15"": 0, ""2"": 19, ""4"": 19, ""5"": 0, ""6"": 0, ""7"": 19}";1;Moins de trois vélos disponibles;Plus de trois docks disponibles
ce4bgpp2rcd13ifvqc3g;Marseille 2e Arrondissement;MUCEM;30;0;11;29;1;1;1;43.298433, 5.362774;2025-11-26T23:19:01+00:00;0;"{""1"": 27, ""10"": 0, ""14"": 0, ""15"": 0, ""2"": 27, ""4"": 27, ""5"": 0, ""6"": 0, ""7"": 27}";0;Plus de trois vélo disponibles;Plus de trois docks disponibles
ce4bgr92rcd13ifvqc7g;Marseille 2e Arrondissement;Sadi-Carnot;20;0;3;16;1;1;1;43.299724, 5.371829;2025-11-26T23:19:01+00:00;0;"{""1"": 17, ""10"": 0, ""14"": 0, ""15"": 0, ""2"": 17, ""4"": 17, ""5"": 0, ""6"": 0, ""7"": 17}";1;Moins de trois vélos disponibles;Plus de trois docks disponibles
ce4bgrh2rcd13ifvqc8g;Marseille 2e Arrondissement;Schuman - Leca;20;0;10;15;1;1;1;43.301939, 5.366286;2025-11-26T23:19:01+00:00;0;"{""1"": 15, ""10"": 0, ""14"": 0, ""15"": 0, ""2"": 15, ""4"": 15, ""5"": 0, ""6"": 0, ""7"": 15}";0;Plus de trois vélo disponibles;Plus de trois docks disponibles
ce4bgt12rcd13ifvqce0;Marseille 3e Arrondissement;National - Belle de Mai;20;0;9;12;1;1;1;43.308012, 5.381511;2025-11-26T23:19:01+00:00;0;"{""1"": 12, ""10"": 0, ""14"": 0, ""15"": 0, ""2"": 12, ""4"": 12, ""5"": 0, ""6"": 0, ""7"": 12}";0;Plus de trois vélo disponibles;Plus de trois docks disponibles
ce4bguh2rcd13ifvqcj0;Marseille 3e Arrondissement;Ferry-Nédelec;20;0;1;19;1;1;1;43.302784, 5.377158;2025-11-26T23:19:01+00:00;0;"{""1"": 20, ""10"": 0, ""14"": 0, ""15"": 0, ""2"": 20, ""4"": 20, ""5"": 0, ""6"": 0, ""7"": 20}";1;Moins de trois vélos disponibles;Plus de trois docks disponibles
ce4bh012rcd13ifvqd10;Marseille 4e Arrondissement;Blancarde - Botinelly;20;0;10;17;1;1;1;43.303256, 5.404389;2025-11-26T23:19:01+00:00;0;"{""1"": 17, ""10"": 0, ""14"": 0, ""15"": 0, ""2"": 17, ""4"": 17, ""5"": 0, ""6"": 0, ""7"": 17}";1;Plus de trois vélo disponibles;Plus de trois docks disponibles
ce4bh092rcd13ifvqd30;Marseille 4e Arrondissement;Saint-Just - Labry;20;0;0;20;1;1;1;43.312609, 5.401662;2025-11-26T23:19:01+00:00;0;"{""1"": 20, ""10"": 0, ""14"": 0, ""15"": 0, ""2"": 20, ""4"": 20, ""5"": 0, ""6"": 0, ""7"": 20}";1;Aucun vélo disponible;Plus de trois docks disponibles
ce4bh0h2rcd13ifvqd50;Marseille 4e Arrondissement;Place Sébastopol;20;0;9;16;1;1;1;43.298681, 5.397225;2025-11-26T23:19:01+00:00;0;"{""1"": 17, ""10"": 0, ""14"": 0, ""15"": 0, ""2"": 17, ""4"": 17, ""5"": 0, ""6"": 0, ""7"": 17}";0;Plus de trois vélo disponibles;Plus de trois docks disponibles
ce4bh0h2rcd13ifvqd60;Marseille 4e Arrondissement;Blancarde - Gare SNCF;20;0;8;14;1;1;1;43.296263, 5.40601;2025-11-26T23:19:01+00:00;0;"{""1"": 14, ""10"": 0, ""14"": 0, ""15"": 0, ""2"": 14, ""4"": 14, ""5"": 0, ""6"": 0, ""7"": 14}";0;Plus de trois vélo disponibles;Plus de trois docks disponibles
ce4bh0p2rcd13ifvqd70;Marseille 4e Arrondissement;Libération - Chape - Espérandieu;20;0;2;18;1;1;1;43.30213, 5.394762;2025-11-26T23:19:01+00:00;0;"{""1"": 18, ""10"": 0, ""14"": 0, ""15"": 0, ""2"": 18, ""4"": 18, ""5"": 0, ""6"": 0, ""7"": 18}";0;Moins de trois vélos disponibles;Plus de trois docks disponibles
ce4bh0p2rcd13ifvqd80;Marseille 4e Arrondissement;Flammarion- Montricher;20;0;1;20;1;1;1;43.305994, 5.393687;2025-11-26T23:19:01+00:00;0;"{""1"": 20, ""10"": 0, ""14"": 0, ""15"": 0, ""2"": 20, ""4"": 20, ""5"": 0, ""6"": 0, ""7"": 20}";0;Moins de trois vélos disponibles;Plus de trois docks disponibles
ce4bh192rcd13ifvqdc0;Marseille 5e Arrondissement;Place Pol Lapeyre;20;0;11;12;1;1;1;43.292572, 5.409104;2025-11-26T23:19:01+00:00;0;"{""1"": 12, ""10"": 0, ""14"": 0, ""15"": 0, ""2"": 12, ""4"": 12, ""5"": 0, ""6"": 0, ""7"": 12}";0;Plus de trois vélo disponibles;Plus de trois docks disponibles
ce4bh2p2rcd13ifvqdi0;Marseille 5e Arrondissement;Baille - Vertus;20;0;14;13;1;1;1;43.288494, 5.393092;2025-11-26T23:19:01+00:00;0;"{""1"": 11, ""10"": 0, ""14"": 0, ""15"": 0, ""2"": 11, ""4"": 11, ""5"": 0, ""6"": 0, ""7"": 11}";0;Plus de trois vélo disponibles;Plus de trois docks disponibles
ce4bh3h2rcd13ifvqdn0;Marseille 5e Arrondissement;Baille - Hôpital Conception;20;0;0;20;1;1;1;43.289363, 5.396322;2025-11-26T23:19:01+00:00;0;"{""1"": 19, ""10"": 0, ""14"": 0, ""15"": 0, ""2"": 19, ""4"": 19, ""5"": 0, ""6"": 0, ""7"": 19}";0;Aucun vélo disponible;Plus de trois docks disponibles
ce4bh3h2rcd13ifvqdo0;Marseille 5e Arrondissement;Briffaut Camas;20;0;1;19;1;1;1;43.294314, 5.397498;2025-11-26T23:19:01+00:00;0;"{""1"": 20, ""10"": 0, ""14"": 0, ""15"": 0, ""2"": 20, ""4"": 20, ""5"": 0, ""6"": 0, ""7"": 20}";0;Moins de trois vélos disponibles;Plus de trois docks disponibles
ce4bh412rcd13ifvqdr0;Marseille 6e Arrondissement;Paradis - Escat;20;0;15;19;1;1;1;43.283506, 5.380945;2025-11-26T23:19:01+00:00;0;"{""1"": 19, ""10"": 0, ""14"": 0, ""15"": 0, ""2"": 19, ""4"": 19, ""5"": 0, ""6"": 0, ""7"": 19}";0;Plus de trois vélo disponibles;Plus de trois docks disponibles
ce4bh492rcd13ifvqdug;Marseille 6e Arrondissement;Baille - Friedland;20;0;2;20;1;1;1;43.286595, 5.386795;2025-11-26T23:19:01+00:00;0;"{""1"": 19, ""10"": 0, ""14"": 0, ""15"": 0, ""2"": 19, ""4"": 19, ""5"": 0, ""6"": 0, ""7"": 19}";0;Moins de trois vélos disponibles;Plus de trois docks disponibles
ce4bh492rcd13ifvqdvg;Marseille 6e Arrondissement;Rouet;20;0;8;16;1;1;1;43.283502, 5.386471;2025-11-26T23:19:01+00:00;0;"{""1"": 16, ""10"": 0, ""14"": 0, ""15"": 0, ""2"": 16, ""4"": 16, ""5"": 0, ""6"": 0, ""7"": 16}";0;Plus de trois vélo disponibles;Plus de trois docks disponibles
ce4bh4p2rcd13ifvqe1g;Marseille 6e Arrondissement;Rome - Sylvabelle;20;0;3;18;1;1;1;43.290099, 5.381274;2025-11-26T23:19:01+00:00;0;"{""1"": 18, ""10"": 0, ""14"": 0, ""15"": 0, ""2"": 18, ""4"": 18, ""5"": 0, ""6"": 0, ""7"": 18}";0;Moins de trois vélos disponibles;Plus de trois docks disponibles
ce4bh692rcd13ifvqea0;Marseille 6e Arrondissement;Cours Julien - Frères Barthelemy;20;0;2;19;1;1;1;43.292639, 5.384248;2025-11-26T23:19:01+00:00;0;"{""1"": 19, ""10"": 0, ""14"": 0, ""15"": 0, ""2"": 19, ""4"": 19, ""5"": 0, ""6"": 0, ""7"": 19}";1;Moins de trois vélos disponibles;Plus de trois docks disponibles
ce4bhah2rcd13ifvqei0;Marseille 7e Arrondissement;Saint-Eugene;20;0;18;16;1;1;1;43.284533, 5.358661;2025-11-26T23:19:01+00:00;0;"{""1"": 16, ""10"": 0, ""14"": 0, ""15"": 0, ""2"": 16, ""4"": 16, ""5"": 0, ""6"": 0, ""7"": 16}";0;Plus de trois vélo disponibles;Plus de trois docks disponibles
ce4bhap2rcd13ifvqek0;Marseille 7e Arrondissement;Endoume - Corderie;20;0;11;11;1;1;1;43.289184, 5.366408;2025-11-26T23:19:01+00:00;0;"{""1"": 11, ""10"": 0, ""14"": 0, ""15"": 0, ""2"": 11, ""4"": 11, ""5"": 0, ""6"": 0, ""7"": 11}";0;Plus de trois vélo disponibles;Plus de trois docks disponibles
ce4bhbh2rcd13ifvqeo0;Marseille 7e Arrondissement;Plage du Prophète;20;0;5;15;1;1;1;43.273606, 5.362709;2025-11-26T23:19:01+00:00;0;"{""1"": 17, ""10"": 0, ""14"": 0, ""15"": 0, ""2"": 17, ""4"": 17, ""5"": 0, ""6"": 0, ""7"": 17}";1;Plus de trois vélo disponibles;Plus de trois docks disponibles
ce4bhbp2rcd13ifvqerg;Marseille 7e Arrondissement;Corniche - Endoume;20;0;9;15;1;1;1;43.282743, 5.350526;2025-11-26T23:19:01+00:00;0;"{""1"": 15, ""10"": 0, ""14"": 0, ""15"": 0, ""2"": 15, ""4"": 15, ""5"": 0, ""6"": 0, ""7"": 15}";0;Plus de trois vélo disponibles;Plus de trois docks disponibles
ce4bhc92rcd13ifvqetg;Marseille 7e Arrondissement;Corse - Saint Maurice;10;0;9;5;1;1;1;43.289468, 5.363719;2025-11-26T23:19:01+00:00;0;"{""1"": 5, ""10"": 0, ""14"": 0, ""15"": 0, ""2"": 5, ""4"": 5, ""5"": 0, ""6"": 0, ""7"": 5}";0;Plus de trois vélo disponibles;Plus de trois docks disponibles
ce4bhch2rcd13ifvqeug;Marseille 7e Arrondissement;Vallon des Auffes;20;0;14;6;1;1;1;43.286229, 5.351079;2025-11-26T23:19:01+00:00;0;"{""1"": 20, ""10"": 0, ""14"": 0, ""15"": 0, ""2"": 20, ""4"": 20, ""5"": 0, ""6"": 0, ""7"": 20}";1;Plus de trois vélo disponibles;Plus de trois docks disponibles
ce4bhf92rcd13ifvqf40;Marseille 8e Arrondissement;Cantini;20;0;3;18;1;1;1;43.279185, 5.395692;2025-11-26T23:19:01+00:00;0;"{""1"": 18, ""10"": 0, ""14"": 0, ""15"": 0, ""2"": 18, ""4"": 18, ""5"": 0, ""6"": 0, ""7"": 18}";1;Moins de trois vélos disponibles;Plus de trois docks disponibles
ce4bhg12rcd13ifvqf60;Marseille 8e Arrondissement;Zenatti - Malrieu;20;0;4;15;1;1;1;43.246465, 5.388992;2025-11-26T23:19:01+00:00;0;"{""1"": 16, ""10"": 0, ""14"": 0, ""15"": 0, ""2"": 16, ""4"": 16, ""5"": 0, ""6"": 0, ""7"": 16}";0;Plus de trois vélo disponibles;Plus de trois docks disponibles
ce4bhg12rcd13ifvqf80;Marseille 8e Arrondissement;Prado - Périer;50;0;4;46;1;1;1;43.279742, 5.38744;2025-11-26T23:19:01+00:00;0;"{""1"": 46, ""10"": 0, ""14"": 0, ""15"": 0, ""2"": 46, ""4"": 46, ""5"": 0, ""6"": 0, ""7"": 46}";1;Plus de trois vélo disponibles;Plus de trois docks disponibles
ce4bhgh2rcd13ifvqfa0;Marseille 8e Arrondissement;Mendès France Huveaune;20;0;6;20;1;1;1;43.260218, 5.375453;2025-11-26T23:19:01+00:00;0;"{""1"": 20, ""10"": 0, ""14"": 0, ""15"": 0, ""2"": 20, ""4"": 20, ""5"": 0, ""6"": 0, ""7"": 20}";0;Plus de trois vélo disponibles;Plus de trois docks disponibles
ce4bhgh2rcd13ifvqfb0;Marseille 8e Arrondissement;Vieille Chapelle;30;0;13;26;1;1;1;43.2479, 5.374457;2025-11-26T23:19:01+00:00;0;"{""1"": 26, ""10"": 0, ""14"": 0, ""15"": 0, ""2"": 26, ""4"": 26, ""5"": 0, ""6"": 0, ""7"": 26}";0;Plus de trois vélo disponibles;Plus de trois docks disponibles
ce4bhh92rcd13ifvqfj0;Marseille 8e Arrondissement;318 Mazargues;20;0;3;17;1;1;1;43.2607, 5.393983;2025-11-26T23:19:01+00:00;0;"{""1"": 17, ""10"": 0, ""14"": 0, ""15"": 0, ""2"": 17, ""4"": 17, ""5"": 0, ""6"": 0, ""7"": 17}";0;Moins de trois vélos disponibles;Plus de trois docks disponibles
ce4bhhh2rcd13ifvqfk0;Marseille 8e Arrondissement;Plage de la Pointe Rouge;40;0;16;32;1;1;1;43.243884, 5.370736;2025-11-26T23:19:01+00:00;0;"{""1"": 32, ""10"": 0, ""14"": 0, ""15"": 0, ""2"": 32, ""4"": 32, ""5"": 0, ""6"": 0, ""7"": 32}";1;Plus de trois vélo disponibles;Plus de trois docks disponibles
ce4bhi12rcd13ifvqfq0;Marseille 8e Arrondissement;Cité Radieuse;20;0;5;15;1;1;1;43.264971, 5.395435;2025-11-26T23:19:01+00:00;0;"{""1"": 19, ""10"": 0, ""14"": 0, ""15"": 0, ""2"": 19, ""4"": 19, ""5"": 0, ""6"": 0, ""7"": 19}";1;Plus de trois vélo disponibles;Plus de trois docks disponibles
ce4bhih2rcd13ifvqfr0;Marseille 8e Arrondissement;Lapin Blanc;30;0;9;22;1;1;1;43.246609, 5.381688;2025-11-26T23:19:01+00:00;0;"{""1"": 22, ""10"": 0, ""14"": 0, ""15"": 0, ""2"": 22, ""4"": 22, ""5"": 0, ""6"": 0, ""7"": 22}";1;Plus de trois vélo disponibles;Plus de trois docks disponibles
ce4bhip2rcd13ifvqft0;Marseille 8e Arrondissement;Mazargues - Sainte Anne;20;0;10;14;1;1;1;43.258189, 5.394357;2025-11-26T23:19:01+00:00;0;"{""1"": 14, ""10"": 0, ""14"": 0, ""15"": 0, ""2"": 14, ""4"": 14, ""5"": 0, ""6"": 0, ""7"": 14}";0;Plus de trois vélo disponibles;Plus de trois docks disponibles
ce4bhjp2rcd13ifvqg90;Marseille 8e Arrondissement;Huveaune - Borely;30;0;10;19;1;1;1;43.262023, 5.379296;2025-11-26T23:19:01+00:00;0;"{""1"": 22, ""10"": 0, ""14"": 0, ""15"": 0, ""2"": 22, ""4"": 22, ""5"": 0, ""6"": 0, ""7"": 22}";1;Plus de trois vélo disponibles;Plus de trois docks disponibles
ce4bhk92rcd13ifvqgb0;Marseille 10e Arrondissement;Boulevard urbain Sud - François Mauriac;10;0;6;5;1;1;1;43.27073, 5.422766;2025-11-26T23:19:01+00:00;0;"{""1"": 5, ""10"": 0, ""14"": 0, ""15"": 0, ""2"": 5, ""4"": 5, ""5"": 0, ""6"": 0, ""7"": 5}";0;Plus de trois vélo disponibles;Plus de trois docks disponibles
ce4bhl92rcd13ifvqghg;Marseille 9e Arrondissement;Michelet - Luce;20;0;6;14;1;1;1;43.258658, 5.398935;2025-11-26T23:19:01+00:00;0;"{""1"": 19, ""10"": 0, ""14"": 0, ""15"": 0, ""2"": 19, ""4"": 19, ""5"": 0, ""6"": 0, ""7"": 19}";1;Plus de trois vélo disponibles;Plus de trois docks disponibles
ce4bhm92rcd13ifvqglg;Marseille 9e Arrondissement;Hôpital Sainte-Marguerite;20;0;1;19;1;1;1;43.259269, 5.40899;2025-11-26T23:19:01+00:00;0;"{""1"": 19, ""10"": 0, ""14"": 0, ""15"": 0, ""2"": 19, ""4"": 19, ""5"": 0, ""6"": 0, ""7"": 19}";1;Moins de trois vélos disponibles;Plus de trois docks disponibles
ce4bhmp2rcd13ifvqgng;Marseille 9e Arrondissement;Jean Bouin;20;0;3;17;1;1;1;43.265631, 5.403472;2025-11-26T23:19:01+00:00;0;"{""1"": 17, ""10"": 0, ""14"": 0, ""15"": 0, ""2"": 17, ""4"": 17, ""5"": 0, ""6"": 0, ""7"": 17}";1;Moins de trois vélos disponibles;Plus de trois docks disponibles
ce4bhn12rcd13ifvqgpg;Marseille 9e Arrondissement;Roy d'Espagne - Floralia;20;0;7;18;1;1;1;43.241784, 5.397272;2025-11-26T23:19:01+00:00;0;"{""1"": 18, ""10"": 0, ""14"": 0, ""15"": 0, ""2"": 18, ""4"": 18, ""5"": 0, ""6"": 0, ""7"": 18}";1;Plus de trois vélo disponibles;Plus de trois docks disponibles
ce4bhn12rcd13ifvqgqg;Marseille 9e Arrondissement;Sormiou;20;0;24;6;1;1;1;43.231794, 5.400047;2025-11-26T23:19:01+00:00;0;"{""1"": 6, ""10"": 0, ""14"": 0, ""15"": 0, ""2"": 6, ""4"": 6, ""5"": 0, ""6"": 0, ""7"": 6}";0;Plus de trois vélo disponibles;Plus de trois docks disponibles
ce4bhn92rcd13ifvqgrg;Marseille 10e Arrondissement;Boulevard Urbain Sud - Verdillon;10;0;3;9;1;1;1;43.275028, 5.424534;2025-11-26T23:19:01+00:00;0;"{""1"": 9, ""10"": 0, ""14"": 0, ""15"": 0, ""2"": 9, ""4"": 9, ""5"": 0, ""6"": 0, ""7"": 9}";0;Moins de trois vélos disponibles;Plus de trois docks disponibles
ce4bhnh2rcd13ifvqgtg;Marseille 10e Arrondissement;Huveaune - Curtel;20;0;18;19;1;1;1;43.278128, 5.407195;2025-11-26T23:19:01+00:00;0;"{""1"": 19, ""10"": 0, ""14"": 0, ""15"": 0, ""2"": 19, ""4"": 19, ""5"": 0, ""6"": 0, ""7"": 19}";0;Plus de trois vélo disponibles;Plus de trois docks disponibles
ce4bhnp2rcd13ifvqgvg;Marseille 8e Arrondissement;Corail - Marseilleveyre;20;0;6;12;1;1;1;43.24071, 5.377613;2025-11-26T23:19:01+00:00;0;"{""1"": 20, ""10"": 0, ""14"": 0, ""15"": 0, ""2"": 20, ""4"": 20, ""5"": 0, ""6"": 0, ""7"": 20}";1;Plus de trois vélo disponibles;Plus de trois docks disponibles
ce4bho12rcd13ifvqh2g;Marseille 10e Arrondissement;Reboul - Argile;20;0;10;11;1;1;1;43.280784, 5.396622;2025-11-26T23:19:01+00:00;0;"{""1"": 11, ""10"": 0, ""14"": 0, ""15"": 0, ""2"": 11, ""4"": 11, ""5"": 0, ""6"": 0, ""7"": 11}";0;Plus de trois vélo disponibles;Plus de trois docks disponibles
ce4bhop2rcd13ifvqh7g;Marseille 12e Arrondissement;Place Caire;20;0;0;20;1;1;1;43.303837, 5.418724;2025-11-26T23:19:01+00:00;0;"{""1"": 20, ""10"": 0, ""14"": 0, ""15"": 0, ""2"": 20, ""4"": 20, ""5"": 0, ""6"": 0, ""7"": 20}";0;Aucun vélo disponible;Plus de trois docks disponibles
ce4bhop2rcd13ifvqh8g;Marseille 12e Arrondissement;Saint-Barnabé - Haguenau;10;0;1;10;1;1;1;43.304188, 5.412904;2025-11-26T23:19:01+00:00;0;"{""1"": 10, ""10"": 0, ""14"": 0, ""15"": 0, ""2"": 10, ""4"": 10, ""5"": 0, ""6"": 0, ""7"": 10}";0;Moins de trois vélos disponibles;Plus de trois docks disponibles
ce4bhph2rcd13ifvqhdg;Marseille 12e Arrondissement;La Boiseraie;40;0;1;39;1;1;1;43.295522, 5.422931;2025-11-26T23:19:01+00:00;0;"{""1"": 39, ""10"": 0, ""14"": 0, ""15"": 0, ""2"": 39, ""4"": 39, ""5"": 0, ""6"": 0, ""7"": 39}";0;Moins de trois vélos disponibles;Plus de trois docks disponibles
ce4bhq12rcd13ifvqhhg;Marseille 13e Arrondissement;Lavéran - Diderot;20;0;0;20;1;1;1;43.325246, 5.414323;2025-11-26T23:19:01+00:00;0;"{""1"": 20, ""10"": 0, ""14"": 0, ""15"": 0, ""2"": 20, ""4"": 20, ""5"": 0, ""6"": 0, ""7"": 20}";0;Aucun vélo disponible;Plus de trois docks disponibles
ce4bhr12rcd13ifvqhqg;Marseille 14e Arrondissement;Place Dalmas;20;0;6;17;1;1;1;43.322872, 5.382756;2025-11-26T23:19:01+00:00;0;"{""1"": 17, ""10"": 0, ""14"": 0, ""15"": 0, ""2"": 17, ""4"": 17, ""5"": 0, ""6"": 0, ""7"": 17}";0;Plus de trois vélo disponibles;Plus de trois docks disponibles
ce4bhr92rcd13ifvqhrg;Marseille 14e Arrondissement;Pierre Paraf;20;0;8;14;1;1;1;43.330205, 5.390362;2025-11-26T23:19:01+00:00;0;"{""1"": 14, ""10"": 0, ""14"": 0, ""15"": 0, ""2"": 14, ""4"": 14, ""5"": 0, ""6"": 0, ""7"": 14}";0;Plus de trois vélo disponibles;Plus de trois docks disponibles
ce4bhs12rcd13ifvqhvg;Marseille 15e Arrondissement;Allar;20;0;4;18;1;1;1;43.324771, 5.36557;2025-11-26T23:19:01+00:00;0;"{""1"": 18, ""10"": 0, ""14"": 0, ""15"": 0, ""2"": 18, ""4"": 18, ""5"": 0, ""6"": 0, ""7"": 18}";1;Plus de trois vélo disponibles;Plus de trois docks disponibles
ce4bht12rcd13ifvqi60;Marseille 6e Arrondissement;Char Jeanne d'Arc - Notre Dame de La Garde;20;0;3;19;1;1;1;43.28604, 5.370677;2025-11-26T23:19:01+00:00;0;"{""1"": 19, ""10"": 0, ""14"": 0, ""15"": 0, ""2"": 19, ""4"": 19, ""5"": 0, ""6"": 0, ""7"": 19}";1;Moins de trois vélos disponibles;Plus de trois docks disponibles
ce4bhu92rcd13ifvqi70;Marseille 8e Arrondissement;Madrague de Montredon;20;0;10;20;1;1;1;43.231926, 5.355532;2025-11-26T23:19:01+00:00;0;"{""1"": 20, ""10"": 0, ""14"": 0, ""15"": 0, ""2"": 20, ""4"": 20, ""5"": 0, ""6"": 0, ""7"": 20}";0;Plus de trois vélo disponibles;Plus de trois docks disponibles
cki0cbj6b192h4jlfktg;Marseille 7e Arrondissement;Tobelem - Crinias;20;0;13;17;1;1;1;43.28727, 5.36078;2025-11-26T23:19:01+00:00;0;"{""1"": 17, ""10"": 0, ""14"": 0, ""15"": 0, ""2"": 17, ""4"": 17, ""5"": 0, ""6"": 0, ""7"": 17}";0;Plus de trois vélo disponibles;Plus de trois docks disponibles
st_cvj6ca6bvosntc0bfgr0;Marseille 12e Arrondissement;Kaddouz;30;0;1;29;1;1;1;43.3073, 5.42464;2025-11-26T23:19:01+00:00;0;"{""1"": 29, ""10"": 0, ""14"": 0, ""15"": 0, ""2"": 29, ""4"": 29, ""5"": 0, ""6"": 0, ""7"": 29}";1;Moins de trois vélos disponibles;Plus de trois docks disponibles
st_cvj6r9ubvosntc0bgbag;Marseille 8e Arrondissement;Station éphémère - Les goudes;100;0;5;95;1;1;1;43.21738, 5.34602;2025-11-26T23:19:01+00:00;1;"{""1"": 95, ""10"": 95, ""14"": 0, ""15"": 0, ""2"": 95, ""4"": 95, ""5"": 0, ""6"": 0, ""7"": 95}";0;Plus de trois vélo disponibles;Plus de trois docks disponibles
st_cvj6sg6p6f1abm77japg;Marseille 8e Arrondissement;Station éphémère - Callelongue;100;0;4;95;1;1;1;43.21181, 5.35089;2025-11-26T23:19:01+00:00;1;"{""1"": 95, ""10"": 95, ""14"": 0, ""15"": 0, ""2"": 95, ""4"": 95, ""5"": 0, ""6"": 0, ""7"": 95}";0;Plus de trois vélo disponibles;Plus de trois docks disponibles
st_d3b462108ojc7389ooeg;Marseille 10e Arrondissement;Chemin de l'armée d'afrique;30;0;5;25;1;1;1;43.28861, 5.42533;2025-11-26T23:19:01+00:00;0;"{""1"": 25, ""10"": 0, ""14"": 0, ""15"": 0, ""2"": 25, ""4"": 25, ""5"": 0, ""6"": 0, ""7"": 25}";1;Plus de trois vélo disponibles;Plus de trois docks disponibles
st_d3j3df2ikq2c7380ej80;Marseille 11e Arrondissement;Granada;20;0;7;15;1;1;1;43.28536, 5.44099;2025-11-26T23:19:01+00:00;0;"{""1"": 16, ""10"": 0, ""14"": 0, ""15"": 0, ""2"": 16, ""4"": 16, ""5"": 0, ""6"": 0, ""7"": 16}";1;Plus de trois vélo disponibles;Plus de trois docks disponibles
st_d3j5ugp08ojc73fj9d10;Marseille 12e Arrondissement;La Grognarde;20;0;0;20;1;1;1;43.29494, 5.43316;2025-11-26T23:19:01+00:00;0;"{""1"": 20, ""10"": 0, ""14"": 0, ""15"": 0, ""2"": 20, ""4"": 20, ""5"": 0, ""6"": 0, ""7"": 20}";1;Aucun vélo disponible;Plus de trois docks disponibles
st_d3jp68qikq2c7381ktn0;Marseille 12e Arrondissement;Bastide cazaux;20;0;15;5;1;1;1;43.29788, 5.44046;2025-11-26T23:19:01+00:00;0;"{""1"": 19, ""10"": 0, ""14"": 0, ""15"": 0, ""2"": 19, ""4"": 19, ""5"": 0, ""6"": 0, ""7"": 19}";1;Plus de trois vélo disponibles;Plus de trois docks disponibles
st_d3md5207bmas73dh9klg;Marseille 12e Arrondissement;Clérissy Gaston de Flotte;20;0;2;18;1;1;1;43.29763, 5.42772;2025-11-26T23:19:01+00:00;0;"{""1"": 20, ""10"": 0, ""14"": 0, ""15"": 0, ""2"": 20, ""4"": 20, ""5"": 0, ""6"": 0, ""7"": 20}";1;Moins de trois vélos disponibles;Plus de trois docks disponibles
st_d3svhcjqgbts73a3dn0g;Marseille 11e Arrondissement;La Barasse;30;0;5;25;1;1;1;43.28473, 5.48491;2025-11-26T23:19:01+00:00;0;"{""1"": 25, ""10"": 0, ""14"": 0, ""15"": 0, ""2"": 25, ""4"": 25, ""5"": 0, ""6"": 0, ""7"": 25}";1;Plus de trois vélo disponibles;Plus de trois docks disponibles
st_d45171o9ee8s73djdqug;Marseille 14e Arrondissement;Moretti - Gibbes;30;0;1;29;1;1;1;43.32343, 5.38501;2025-11-26T23:19:01+00:00;0;"{""1"": 29, ""10"": 0, ""14"": 0, ""15"": 0, ""2"": 29, ""4"": 29, ""5"": 0, ""6"": 0, ""7"": 29}";1;Moins de trois vélos disponibles;Plus de trois docks disponibles
